,CI2,AMW,Mv,Me,Ms,ARR,nCIR,RBN,RBF,nDB,nTB,nAB,nH,nN,nO,nX,nR03,nR05,nR06,nR07,nR08,nR09,nR10,nR11,nR12,HNar,MSD,TI2,ww,Rww,Wap,J,Jhetp,MAXDN,MAXDP,DELS,S3K,PW2,PW3,PW4,PJI2,Lop,D.Dr05,D.Dr06,D.Dr08,D.Dr09,D.Dr10,T.O..P.,T.O..Cl.,T.Cl..Cl.,SRW05,MPC10,piPC06,PCR,PCD,X3A,X4A,X0Av,X1Av,X3Av,X5Av,ATS7m,MATS1m,MATS2m,MATS3m,MATS4m,MATS5m,MATS7m,MATS8m,MATS1v,MATS2v,MATS3v,MATS4v,MATS5v,MATS6v,MATS8v,MATS4e,MATS7e,MATS8e,MATS2p,MATS3p,MATS4p,MATS5p,MATS6p,MATS7p,MATS8p,GATS1m,GATS2m,GATS3m,GATS4m,GATS5m,GATS6m,GATS7m,GATS8m,GATS3v,GATS4v,GATS8v,GATS2e,GATS3e,GATS5e,GATS7e,GATS8e,GATS1p,GATS2p,GATS3p,GATS4p,GATS7p,GATS8p,JGI1,JGI2,JGI3,JGI4,JGI5,JGI6,JGI7,JGI8,JGI9,JGI10,JGT,DP20,SHP2,J3D,SPAM,FDI,PJI3,L.Bw,HOMA,AROM,DISPm,DISPv,DISPe,G.N..N.,G.N..O.,G.N..S.,G.N..Cl.,G.O..O.,G.O..F.,G.S..S.,G.S..F.,nCp,nCs,nCrs,nCrt,nCbH,nCb.,nCconj,nR.Cp,nRCOOR,nArCOOR,nRCONH2,nRCONHR,nArCONHR,nRCONR2,nROCON,nRCO,nArCO,nCONN,nN.C.N.,nC..N.N2,nRC.N,nArC.N,nArNH2,nRNHR,nArNHR,nRNR2,nArNR2,nN.N,nN.,nNq,nN.CO.2,nArOH,nOHp,nOHs,nOHt,nArOR,nRSR,nArX,nBeta.Lactams,nPyrrolidines,nOxolanes,ntH.Thiophenes,nThiophenes,nThiazoles,nPyridines,nPyridazines,nPyrazines,nHBonds,C.002,C.003,C.004,C.005,C.006,C.007,C.008,C.009,C.011,C.012,C.015,C.016,C.017,C.018,C.019,C.020,C.025,C.026,C.027,C.028,C.029,C.031,C.032,C.033,C.034,C.037,C.040,C.041,C.043,C.044,H.046,H.047,H.048,H.049,H.051,H.052,H.053,H.054,O.056,O.058,O.059,O.060,O.062,N.066,N.067,N.068,N.070,N.071,N.072,N.073,N.074,N.075,N.076,N.078,N.079,F.081,F.083,F.084,Cl.089,Cl.090,S.107,S.108,S.109,S.110,P.117,PCWTe,Ui,Hy,TPSA.Tot.,MLOGP,MLOGP2,ALOGP,ALOGP2,LAI,GVWAI.50,Inflammat.80,Inflammat.50,Depressant.80,Depressant.50,Psychotic.80,Hypertens.80,Hypertens.50,Hypnotic.80,Hypnotic.50,Neoplastic.80,Neoplastic.50,Infective.50,ALOGPS_logP,ALOGPS_logS
Abacavir ,0,7.34,0.62,1.01,2.2,0.25,5,4,0.095,2,0,6,18,6,1,0,1,2,1,0,0,1,0,0,0,2.066,0.241,2.827,11560,14.117,9425,1.433,1.196,1.409,3.257,20.377,2.494,0.588,0.33,0.185,0.833,0.741,89.386,50.631,0,76.662,0,0,0,0,60,111,5.881,1.38,34.042,0.168,0.105,0.555,0.308,0.086,0.023,2.914,-0.233,0.142,-0.16,-0.024,0.022,0.17,-0.294,-0.268,0.186,-0.156,0.008,-0.013,-0.464,-0.264,-0.028,0.173,-0.296,0.205,-0.152,0.023,-0.029,-0.476,0.105,-0.248,0.96,0.63,1.021,0.899,0.72,1.319,1.15,1.437,1.062,0.921,1.271,0.624,1.016,0.709,1.161,1.455,1.075,0.692,1.075,0.927,1.04,1.202,0.188,0.071,0.043,0.037,0.023,0.014,0.017,0.009,0.007,0.007,0.416,0.005,0.332,3.039,0.34,0.596,0.971,3.75,-37.593,1,1.111,2.039,0.07,22.91,28.766,0,0,0,0,0,0,1,5,5,1,0,0,1,0,0,0,0,0,0,0,0,0,0,0,1,0,0,0,1,0,1,0,1,0,0,0,0,0,1,0,0,0,0,0,0,0,0,0,0,0,0,0,0,1,3,1,0,0,1,0,2,0,0,0,0,2,0,0,0,0,0,1,0,0,2,0,1,0,0,0,1,0,0,0,0,6,0,1,0,7,0,0,1,0,0,0,0,0,0,0,1,0,0,0,1,2,0,0,1,0,0,0,0,0,0,0,0,0,0,-999,3.17,1.968,100.83,2.432,5.913,-0.258,0.066,0,0,0,0,0,0,0,1,0,0,0,1,0,0,0.61,-2.37
Acipimox,0,9.57,0.65,1.06,3.36,0.545,1,1,0.063,2,0,6,5,2,3,0,0,0,1,0,0,0,0,0,0,1.61,0.294,1.696,816,9.269,399,2.396,2.267,3.116,3.73,20.926,1.509,0.591,0.332,0.135,1,1.16,0,34.381,0,0,0,0,0,0,0,0,4.808,1.327,9.801,0.211,0.129,0.522,0.261,0.069,0.018,0,-0.022,-0.104,-0.205,-0.113,0.515,0,0,-0.046,-0.181,-0.155,0.017,0.44,-1.219,0,-0.126,0,0,-0.218,-0.129,0.076,0.404,-1.195,0,0,0.723,0.897,1.047,1.144,0.977,2.444,0,0,1.012,1,0,0.888,1.051,0.981,0,0,0.822,1.033,0.994,0.933,0,0,0.273,0.119,0.049,0.082,0.047,0,0,0,0,0,0.569,0,0.408,4.422,0.417,0.624,0.607,3.56,-45.554,1,7.306,4.792,0.325,1.65,11.641,0,0,6.571,0,0,0,1,0,0,0,0,0,1,0,0,0,0,0,0,0,0,0,0,0,0,0,0,0,0,0,0,0,0,0,1,0,0,0,0,0,0,0,0,0,0,0,0,0,0,0,0,0,1,0,0,0,0,0,0,0,0,0,0,0,0,0,0,0,0,0,0,0,2,2,0,0,0,0,0,0,1,0,0,0,0,0,0,2,3,0,0,0,0,1,0,0,1,0,0,0,0,0,0,0,0,1,1,0,0,0,0,0,0,0,0,0,0,0,0,1.469,3.17,-0.526,78.48,-2.592,6.721,-1.678,2.814,0,0,0,0,0,0,0,0,0,0,0,0,0,0,0.11,0.48
Acyclovir ,0,8.34,0.6,1.04,2.76,0,3,4,0.143,4,0,0,11,5,3,0,0,1,1,0,0,1,0,0,0,1.846,0.28,2.927,4665,11.916,2325,1.869,1.264,2.146,4.375,23.213,2.24,0.564,0.326,0.183,0.8,1.703,31.319,37.716,0,58.373,0,0,0,0,10,20,5.063,1.29,16.965,0.179,0.116,0.527,0.277,0.069,0.018,2.407,-0.434,0.097,-0.119,0.094,-0.242,-0.099,-1.064,-0.517,0.158,-0.178,0.167,-0.248,0.283,-1.097,0.085,-0.105,-1.058,0.187,-0.202,0.195,-0.247,0.273,-0.033,-1.097,1.217,0.656,0.976,0.877,1.101,0.953,1.191,2.225,1.052,0.797,2.174,0.657,0.968,1.098,1.201,2.227,1.388,0.654,1.085,0.766,1.062,2.134,0.176,0.077,0.054,0.049,0.028,0.02,0.018,0.016,0.005,0,0.445,0.001,0.366,3.68,0.408,0.62,0.861,5.58,-40.536,0,7.781,8.517,0.181,13.024,47.76,0,0,12.678,0,0,0,1,0,0,0,0,0,5,0,0,0,0,0,0,0,0,0,0,0,1,1,0,0,0,1,0,1,0,0,0,0,0,0,1,0,0,0,0,0,0,0,0,0,0,0,0,0,0,1,0,0,0,0,2,1,0,0,0,0,0,0,0,0,1,1,0,0,0,0,0,0,0,0,0,0,2,1,0,0,0,4,2,1,0,0,0,0,1,1,1,0,0,1,1,0,0,0,0,0,2,0,0,0,1,0,0,0,0,0,0,0,0,0,0,-999,2.322,2.382,118,0.041,0.002,-2.742,7.521,0,0,0,0,0,0,0,0,0,0,0,0,0,0,-0.95,-1.39
Alanine_L,0,6.85,0.52,1.03,3.67,0,0,1,0.083,1,0,0,7,1,2,0,0,0,0,0,0,0,0,0,0,1.286,0.38,1.521,47,7.667,29,2.993,2.315,2.769,2.525,10.454,2.442,0.578,0.267,0,0.5,0.918,0,0,0,0,0,0,0,0,0,0,0,1.065,0.742,0.333,0,0.644,0.367,0.113,0,0,-0.173,-0.035,-0.481,0,0,0,0,-0.185,-0.119,-0.34,0,0,0,0,0,0,0,-0.161,-0.272,0,0,0,0,0,0.931,0.863,1.292,0,0,0,0,0,1.148,0,0,0.856,1.307,0,0,0,0.974,0.967,1.081,0,0,0,0.4,0.148,0,0,0,0,0,0,0,0,0.548,0,0.438,8.275,0.383,0.584,0.803,1.86,0,0,6.987,2.901,0.263,0,3.833,0,0,0,0,0,0,1,1,0,0,0,0,0,0,0,0,0,0,0,0,0,0,0,0,0,0,0,0,0,0,0,0,0,0,1,1,0,0,0,0,0,0,0,0,0,0,0,0,0,0,0,0,0,2,0,0,0,0,0,0,1,0,0,0,0,0,0,0,0,0,0,0,0,0,0,0,0,0,0,0,1,0,0,0,0,1,0,0,0,3,0,0,0,1,0,0,1,0,0,0,0,0,0,0,0,0,0,0,1,0,0,0,0,0,0,0,0,0,0,7.346,1,2.492,67.77,-4.387,19.243,-2.283,5.213,0,0,0,0,0,0,0,0,0,0,0,0,0,0,-2.12,-0.45
Alfentanil,1,6.63,0.58,1,2.23,0.188,3,9,0.138,3,0,6,33,6,3,0,0,1,2,0,0,0,0,0,0,1.865,0.234,4.507,20211,36.43,11757,1.594,1.191,1.827,5.96,30.108,5.018,0.567,0.356,0.201,0.875,1.187,103.071,227.07,0,0,0,0,0,0,10,102,5.209,1.201,21.03,0.181,0.115,0.61,0.341,0.104,0.039,3.575,-0.105,0.126,0.002,-0.2,0.182,-0.208,0.042,-0.088,0.138,0.017,-0.177,0.198,-0.217,0.049,-0.202,-0.207,0.041,0.141,0.022,-0.164,0.204,-0.221,-0.216,0.051,0.893,0.65,0.964,1.186,0.812,1.175,1.063,0.733,0.937,1.13,0.77,0.644,0.967,0.818,1.06,0.729,0.954,0.746,0.926,1.101,1.098,0.788,0.188,0.096,0.06,0.036,0.019,0.019,0.015,0.009,0.009,0.008,0.459,1.14,0.238,5.033,0.309,0.54,0.97,6.94,-80.683,1,0.911,3.376,0.084,35.529,63.978,0,0,13.361,0,0,0,2,3,2,1,5,1,0,0,0,0,0,0,0,1,0,0,0,1,0,0,0,0,0,0,0,0,0,0,1,1,0,0,0,0,0,0,0,0,0,0,0,0,0,0,0,0,0,1,3,0,0,1,6,0,0,0,1,0,0,0,0,0,0,0,0,1,0,0,0,0,0,0,0,0,1,1,0,0,3,20,0,0,2,3,4,0,0,2,1,0,0,0,0,0,0,0,3,0,0,0,0,2,1,0,0,0,0,0,0,0,0,0,0,0,3.322,-0.283,86.69,-1.153,1.329,0.684,0.469,0,0,0,0,0,0,0,1,0,0,0,1,0,0,2.76,-4.17
Aminohippuric_acid_PAH  ,0,8.4,0.64,1.03,3.12,0.429,1,3,0.13,2,0,6,9,2,3,0,0,0,1,0,0,0,0,0,0,1.68,0.317,3.28,1742,15.588,735,2.199,2.036,2.992,4.217,23.435,3.296,0.571,0.289,0.128,0.8,1.876,0,49.065,0,0,0,0,0,0,0,4,4.627,1.322,13.229,0.214,0.134,0.521,0.28,0.082,0.024,2.14,-0.061,0.178,0.008,-0.435,0.33,-0.788,-0.93,-0.076,0.16,0.024,-0.46,0.26,-0.151,-0.975,-0.432,-0.786,-0.924,0.15,0.029,-0.468,0.226,-0.101,-0.795,-0.99,0.739,0.651,0.776,1.322,0.878,1.301,1.953,2.068,0.79,1.342,2.079,0.649,0.775,0.875,1.956,2.066,0.796,0.699,0.801,1.348,1.879,2.078,0.25,0.099,0.039,0.045,0.034,0.02,0.015,0.03,0,0,0.533,0,0.368,4.868,0.392,0.615,0.821,7.04,-74.281,1,5.435,0.885,0.299,3.781,18.581,0,0,5.949,0,0,0,0,0,0,0,4,2,1,0,0,0,0,0,1,0,0,0,0,0,0,0,0,0,1,0,0,0,0,0,0,0,0,0,0,0,0,0,0,0,0,0,0,0,0,0,0,0,0,1,0,0,0,0,1,0,0,0,0,0,0,0,0,0,0,0,1,1,0,0,0,0,0,0,0,0,2,0,0,0,0,6,0,0,0,0,0,0,0,2,0,0,1,0,0,0,0,0,1,0,0,0,0,0,0,0,0,0,0,0,0,0,0,0,0,1.469,3.17,1.453,95.25,0.508,0.258,-0.717,0.514,0,0,0,0,0,0,0,0,0,0,0,1,0,0,-0.39,-1.8
Amprenavir,0,7.22,0.6,1.01,2.47,0.324,3,12,0.167,3,0,12,35,3,6,0,0,1,2,0,0,0,0,0,0,1.818,0.209,4.841,27307,52.545,9751,1.679,1.433,4.821,6.396,58.377,8.191,0.581,0.319,0.165,0.875,0.904,128.637,293.835,0,0,0,0,0,0,10,92,5.54,1.243,25.912,0.19,0.123,0.6,0.357,0.124,0.044,4.312,0.212,-0.109,-0.179,-0.138,0.019,0.041,-0.066,-0.191,0.261,-0.071,-0.321,0.09,0.092,0.182,-0.334,-0.247,0.19,0.277,0.026,-0.236,0.014,0.131,-0.335,0.184,1.426,1.354,1.446,1.63,0.892,0.716,1.088,0.992,1.068,1.343,0.911,0.718,1.08,1.085,1.18,0.93,1.405,0.773,1.071,1.408,1.319,0.859,0.243,0.078,0.056,0.041,0.025,0.018,0.013,0.013,0.007,0.006,0.5,0.018,0.208,5.489,0.259,0.513,0.943,1.36,-80.683,1,1.113,1.424,0.112,12.001,51.234,6.274,0,42.244,0,0,0,2,5,2,0,9,3,0,0,0,0,0,0,0,0,1,0,0,0,0,0,0,0,1,0,0,0,0,0,0,0,0,0,0,1,0,0,0,0,0,0,1,0,0,0,0,0,0,2,2,1,0,0,4,0,3,0,0,0,0,0,0,0,0,0,1,2,0,0,0,0,0,0,0,0,0,1,0,0,6,20,0,0,0,3,2,0,1,3,1,1,0,0,0,1,0,0,1,0,0,0,0,0,0,0,0,0,0,0,0,0,0,1,0,-999,4,1.548,139.57,1.12,1.256,2.954,8.725,0,0,0,0,0,0,0,0,0,0,0,0,0,0,1.85,-4.01
Azidothymidine,0,8.35,0.61,1.04,2.95,0,2,3,0.091,5,0,0,13,5,4,0,0,1,1,0,0,0,0,0,0,1.754,0.251,2.692,5224,18.147,2971,1.981,1.431,2.265,4.7,34.101,2.659,0.576,0.352,0.19,1,1.296,52.402,63.208,0,0,0,0,0,0,10,37,4.796,1.199,12.388,0.183,0.114,0.537,0.286,0.083,0.023,2.948,-0.182,0.069,-0.311,0.192,-0.181,-0.021,-0.421,-0.181,0.116,-0.368,0.191,-0.156,0.07,-0.392,0.191,-0.018,-0.424,0.137,-0.392,0.188,-0.144,0.078,-0.067,-0.376,0.967,0.796,1.257,0.858,1.115,0.909,1.009,1.404,1.308,0.834,1.357,0.799,1.251,1.117,1.008,1.409,1.022,0.766,1.328,0.825,1.035,1.336,0.225,0.095,0.057,0.055,0.035,0.02,0.02,0.014,0.009,0,0.532,0.002,0.349,4.378,0.336,0.611,0.95,6.72,-63.612,0,1.929,1.294,0.137,25.56,55.254,0,0,20.062,0,0,0,2,3,3,0,0,0,3,0,0,0,0,0,0,0,0,0,0,1,0,0,0,0,0,0,0,0,0,0,1,0,1,0,1,0,0,0,0,0,0,0,1,0,0,0,0,0,0,1,1,0,0,0,1,0,2,1,0,0,0,0,1,1,0,0,0,0,0,0,0,0,0,0,0,0,1,1,0,0,3,4,2,0,0,0,0,2,1,2,1,0,0,0,0,0,0,0,2,0,0,0,0,1,1,0,0,0,0,0,0,0,0,0,0,4.408,2.585,0.6,133.08,-0.57,0.324,-1.801,3.242,0,0,0,0,0,0,0,0,0,0,0,0,0,0,-0.1,-1.21
Betamethasone ,0,6.89,0.59,1.01,2.67,0,10,2,0.033,4,0,0,29,0,5,1,0,1,3,0,0,1,2,0,0,1.714,0.182,2.028,44906,16.5,31795,1.769,1.692,3.23,8.859,66.406,2.104,0.633,0.424,0.222,1,1.041,40.545,138.214,0,67.71,153.146,0,0,0,10,332,5.673,1.135,16.307,0.156,0.091,0.593,0.327,0.105,0.036,3.59,0.024,-0.049,0.018,-0.15,-0.227,0.182,0.018,0.026,-0.043,0.044,-0.14,-0.226,0.125,-0.081,-0.145,0.189,-0.043,-0.044,0.042,-0.141,-0.226,0.129,0.189,-0.072,0.546,0.76,0.988,1.092,1.269,1.035,0.913,1.002,0.865,1.05,1.201,0.735,0.907,1.269,0.943,1.129,0.553,0.724,0.875,1.054,0.957,1.184,0.323,0.164,0.083,0.06,0.041,0.031,0.021,0.015,0.013,0.009,0.758,0.009,0.27,4.533,0.265,0.578,0.794,5.03,-70.44,0,3.035,4.835,0.096,0,0,0,0,38.591,14.898,0,0,4,5,5,5,0,0,5,0,0,0,0,0,0,0,0,2,0,0,0,0,0,0,0,0,0,0,0,0,0,0,0,0,1,1,1,0,0,0,0,0,0,0,0,0,0,0,0,3,4,3,2,0,1,0,1,0,2,0,0,3,1,0,0,0,0,0,0,0,0,0,0,0,0,0,0,0,0,0,16,6,0,0,0,4,0,0,3,2,0,0,0,0,0,0,0,0,0,0,0,0,0,0,0,1,0,0,0,0,0,0,0,0,0,-999,2.322,0.882,94.83,1.855,3.439,1.642,2.696,0,0,1,0,0,0,0,1,1,0,0,1,0,0,1.93,-3.89
Biotine ,0,7.85,0.6,1.02,2.67,0,3,5,0.156,2,0,0,15,2,3,0,0,2,0,0,1,0,0,0,0,1.846,0.313,4.01,4331,14.558,2180,1.666,1.525,2.646,4.104,22.793,2.979,0.572,0.304,0.164,1,1.953,70.149,0,57.755,0,0,0,0,0,20,25,3.829,1.059,3.388,0.182,0.117,0.605,0.387,0.163,0.065,2.859,-0.123,-0.135,-0.053,-0.195,0.02,0.282,-0.07,-0.07,0.368,-0.235,-0.139,-0.311,-0.223,-0.272,-0.218,-0.354,-0.46,0.321,-0.318,-0.01,-0.37,-0.081,-0.941,-0.028,1.016,1.092,1.249,1.245,1.188,0.911,1.138,0.202,0.975,0.934,1.701,0.49,0.843,1.062,1.44,1.981,0.721,0.574,1.223,0.881,2.147,1.001,0.206,0.068,0.063,0.038,0.023,0.019,0.017,0.015,0.018,0,0.467,0,0.359,4.645,0.336,0.596,0.919,4.05,0,0,1.487,0.665,0.191,0,19.565,4.32,0,10.794,0,0,0,0,7,3,0,0,0,0,0,0,0,0,0,0,0,0,0,0,1,0,0,0,0,0,0,0,0,0,0,0,0,0,0,0,0,0,0,1,0,0,0,0,1,0,0,0,0,0,0,4,0,0,0,1,0,3,0,0,0,0,0,0,0,0,0,0,0,0,0,0,0,0,0,0,0,1,1,0,0,4,5,0,0,2,2,0,0,0,2,0,0,1,0,0,0,0,0,2,0,0,0,0,0,0,0,0,0,0,0,1,0,0,0,0,1.469,1.585,0.573,106.56,0.562,0.316,-0.033,0.001,0,0,0,0,0,0,0,1,0,0,0,1,0,0,0.35,-2.13
Bisheteroypiperazine ,1,7.16,0.62,1,2.13,0.387,5,5,0.089,2,0,12,25,5,2,0,0,1,3,0,0,1,0,0,0,2,0.255,4.598,28348,21.361,25859,1.267,1.037,1.636,5.953,22.382,3.928,0.572,0.349,0.193,1,0.961,62.828,268.891,0,121.551,0,0,0,0,10,150,5.968,1.398,49.748,0.179,0.114,0.583,0.312,0.088,0.027,3.414,-0.231,-0.059,0.062,-0.3,0.083,0.487,-0.165,-0.265,-0.072,0.111,-0.326,0.091,-0.051,-0.145,-0.297,0.493,-0.167,-0.078,0.133,-0.335,0.092,-0.036,0.385,-0.135,1.035,0.87,0.89,1.271,0.866,0.991,0.668,1.495,0.861,1.295,1.41,0.863,0.893,0.867,0.666,1.504,1.142,0.967,0.848,1.303,0.707,1.373,0.161,0.078,0.047,0.034,0.025,0.022,0.013,0.01,0.006,0.007,0.402,0.602,0.266,3.49,0.324,0.562,0.908,5.99,-70.3,1,3.443,2.709,0.088,23.733,42.065,0,0,4.652,0,0,0,1,0,0,0,3,3,3,0,0,0,0,0,0,1,0,0,0,0,0,0,0,0,0,0,2,0,1,0,0,0,0,0,0,0,0,1,0,0,0,0,0,0,0,0,1,0,0,2,0,0,0,1,5,0,0,0,0,0,0,1,0,0,1,0,1,3,1,0,1,0,0,0,0,0,1,0,0,0,0,19,0,1,0,3,0,0,0,1,0,1,0,0,0,0,1,1,1,0,0,1,0,0,1,0,0,0,0,0,0,0,0,0,0,-999,3.907,0.247,71.84,1.961,3.846,0.725,0.526,0,0,0,0,0,0,0,1,0,0,0,1,0,0,2.93,-4
Bupivacaine,1,5.79,0.57,0.98,1.98,0.273,2,5,0.098,1,0,6,29,2,1,0,0,0,2,0,0,0,0,0,0,1.826,0.252,3.837,9397,20.817,3900,1.91,1.607,1.46,5.714,13.82,4.149,0.563,0.334,0.18,0.833,1.292,0,143.833,0,0,0,0,0,0,0,40,4.86,1.283,21.965,0.191,0.125,0.655,0.386,0.133,0.049,3.164,-0.098,0.106,0.14,-0.291,-0.324,0.007,0.146,-0.117,0.098,0.167,-0.3,-0.321,-0.155,0.157,-0.29,0.007,0.144,0.091,0.178,-0.301,-0.317,-0.161,0.007,0.16,0.782,0.791,0.986,1.772,2.054,1.034,0.521,0,1.021,1.703,0,0.783,0.982,2.071,0.52,0,0.912,0.906,1.04,1.669,0.527,0,0.159,0.092,0.05,0.04,0.025,0.02,0.009,0.011,0.008,0.004,0.418,0,0.281,6.319,0.268,0.538,0.852,2.05,-80.683,1,3.502,4.409,0.02,2.183,1.65,0,0,0,0,0,0,3,6,4,0,3,3,0,0,0,0,0,1,0,0,0,0,0,0,0,0,0,0,0,0,0,0,0,0,1,1,0,0,0,0,0,0,0,0,0,0,0,0,0,0,0,0,0,2,5,0,0,0,2,0,1,0,0,0,0,0,0,0,0,0,2,1,0,0,0,0,0,0,0,0,1,0,0,0,13,8,0,0,0,6,0,0,0,1,0,0,0,0,0,0,0,0,1,0,0,0,0,0,1,0,0,0,0,0,0,0,0,0,0,0,3,0.237,33.54,-0.569,0.324,2.856,8.158,0,1,1,0,1,0,1,1,1,0,0,1,1,0,3.53,-5.77
Buprenorphine ,0,6.17,0.58,0.99,1.95,0.15,38,5,0.061,0,0,6,42,1,4,0,1,1,6,0,1,4,5,4,1,1.915,0.155,1.867,91594,22.849,217538,1.418,1.252,2.149,6.202,36.92,2.432,0.637,0.393,0.21,1,1.009,35.751,283.029,63.536,274.895,390.398,0,0,0,50,1259,6.514,1.15,26.531,0.142,0.079,0.636,0.345,0.11,0.033,4.058,-0.068,-0.094,0.036,-0.074,-0.007,-0.016,0.051,-0.075,-0.099,0.024,-0.081,-0.002,0.041,0.049,-0.073,-0.017,0.052,-0.101,0.018,-0.084,0,0.05,-0.003,0.048,0.762,0.876,0.971,1.09,1.017,1.113,0.788,1.069,0.987,1.094,1.039,0.875,0.97,1.018,0.787,1.072,0.8,0.894,0.995,1.096,0.813,1.021,0.287,0.127,0.053,0.057,0.038,0.027,0.022,0.018,0.012,0.01,0.652,0.025,0.244,3.329,0.254,0.603,0.924,2.59,-72.962,0.972,3.036,2.929,0.084,0,15.866,0,0,17.287,0,0,0,4,9,9,3,2,4,0,0,0,0,0,0,0,0,0,0,0,0,0,0,0,0,0,0,0,0,0,0,1,1,0,1,0,0,1,1,0,0,0,0,0,0,0,0,0,0,0,1,7,2,3,1,2,0,2,0,2,0,0,0,0,0,0,0,2,2,0,0,0,0,0,0,0,0,0,0,0,0,17,11,0,0,0,10,1,0,1,0,1,1,0,0,0,0,0,0,0,0,0,0,0,0,1,0,0,0,0,0,0,0,0,0,0,0,2.807,0.724,63.36,0.122,0.015,2.337,5.463,0,0,0,0,0,0,0,0,0,0,0,0,0,0,2.68,-6.64
Cefoperazone ,0,9.21,0.65,1.04,2.78,0.125,6,9,0.122,10,0,6,26,9,8,0,0,1,3,0,1,0,0,0,0,1.833,0.207,5.891,86813,51.215,63753,1.227,1.036,3.211,6.548,91.702,6.37,0.595,0.365,0.192,1,0.813,143.743,485.929,199.343,0,0,0,0,0,10,294,5.938,1.228,38.736,0.175,0.111,0.568,0.32,0.1,0.034,4.685,-0.125,-0.022,-0.118,0.18,0.066,-0.085,0.006,-0.097,0.123,0.067,-0.367,0.017,-0.152,0.273,-0.382,-0.1,0.27,0.054,0.06,-0.169,-0.112,-0.179,-0.062,0.187,1.029,0.968,1.354,0.859,1.23,0.918,1.04,0.746,0.857,1.387,0.802,0.669,0.881,0.968,1.079,0.851,0.798,0.821,0.97,1.178,1.034,0.768,0.188,0.098,0.063,0.045,0.03,0.02,0.015,0.012,0.011,0.008,0.489,6.288,0.233,2.796,0.315,0.579,0.863,6.43,-59.79,1,10.317,6.457,0.253,188.576,357.819,71.703,0,120.817,0,2.858,0,1,2,1,0,4,2,6,0,0,0,0,1,0,2,0,0,0,1,0,0,0,0,0,0,0,0,0,0,1,0,1,1,0,0,0,0,2,0,1,0,0,0,0,0,0,0,0,2,0,0,0,1,5,0,2,1,0,0,0,0,1,0,1,0,1,1,0,0,0,0,0,0,0,0,5,2,0,0,0,19,1,0,0,3,0,0,0,6,0,0,1,0,0,0,0,0,5,0,0,0,0,3,1,0,0,0,0,0,2,0,0,0,0,1.469,4.087,0.899,272.64,0.802,0.643,-0.499,0.249,1,0,0,0,0,0,0,0,0,0,0,0,0,0,-0.12,-3.03
Cefpirome ,0,9.03,0.66,1.03,2.53,0.282,7,7,0.115,5,0,11,22,6,5,0,0,2,2,0,1,1,0,0,0,1.927,0.22,4.911,53770,33.707,54720,1.217,1.065,3.073,6.014,54.126,4.455,0.587,0.359,0.208,1,0.965,188.694,203.328,140.614,152.022,0,0,0,0,20,272,6.11,1.3,45.908,0.165,0.107,0.582,0.331,0.103,0.034,4.356,-0.112,-0.019,-0.06,-0.021,0.093,-0.129,0.276,-0.058,0.032,0.083,-0.067,-0.068,0.166,-0.28,-0.066,-0.088,-0.26,-0.057,0.082,-0.094,-0.271,0.17,-0.021,-0.084,0.999,0.949,0.835,0.895,1.191,1.218,1.344,0.787,0.775,1.12,1.47,0.646,0.804,1.074,1.142,1.517,0.765,0.894,0.74,1.064,1.135,1.224,0.167,0.081,0.064,0.038,0.029,0.019,0.016,0.013,0.01,0.007,0.444,2.549,0.264,2.676,0.322,0.587,0.982,5.93,-57.546,1,6.726,1.445,0.283,51.27,105.027,32.244,0,32.497,0,4.292,0,0,4,4,0,0,0,5,0,0,0,0,1,0,1,0,0,0,0,0,0,0,0,1,0,0,0,0,0,1,0,0,0,0,0,0,0,1,0,1,0,0,0,0,1,1,0,0,1,3,0,0,1,2,0,1,1,0,0,0,0,1,0,1,0,1,0,1,2,0,0,0,1,0,0,3,0,0,1,4,10,2,1,2,0,0,0,0,3,0,1,1,0,0,0,0,0,2,0,1,2,0,0,0,0,0,0,0,0,2,0,0,0,0,5.877,4.087,0.933,207.46,1.356,1.838,0.506,0.256,1,0,0,0,0,0,0,0,0,0,0,0,0,0,2.16,-3.48
Ceftizoxime ,0,10.34,0.67,1.05,2.86,0.185,4,5,0.128,5,0,5,12,5,5,0,0,1,1,0,1,0,0,0,0,1.807,0.238,4.082,14923,27.382,8866,1.606,1.29,3.094,5.46,46.387,3.327,0.584,0.355,0.201,1,1.157,74.67,76.222,103.311,0,0,0,0,0,10,96,5.398,1.234,21.572,0.168,0.109,0.576,0.328,0.099,0.034,3.748,-0.167,-0.088,-0.067,-0.087,0.085,-0.106,0.339,-0.071,-0.012,0.06,-0.196,-0.311,0.211,-0.147,-0.242,0.046,-0.108,-0.068,0.075,-0.111,-0.45,0.182,-0.023,0.05,1.085,1.061,0.758,0.886,1.032,0.996,1.192,1.028,0.799,1.222,1.17,0.726,0.89,1.202,0.881,1.095,0.765,0.937,0.688,1.029,1.025,1.151,0.185,0.09,0.08,0.043,0.034,0.02,0.015,0.012,0.01,0.009,0.497,0.037,0.314,3.254,0.349,0.599,0.897,4.22,-55.553,1,3.8,4.032,0.204,29.062,87.097,24.962,0,32.497,0,3.55,0,0,1,1,0,0,0,5,0,0,0,0,1,0,1,0,0,0,0,0,0,0,0,1,0,0,0,0,0,0,0,0,0,0,0,0,0,1,0,1,0,0,0,0,1,0,0,0,1,0,0,0,1,1,0,1,1,0,0,0,1,0,0,1,0,0,0,0,1,0,0,0,1,0,0,3,0,0,1,0,7,2,0,0,0,0,0,0,3,0,1,1,0,0,0,0,0,2,0,1,1,0,0,0,0,0,0,0,0,2,0,0,0,0,1.469,3.459,1.203,203.58,0.155,0.024,-1.054,1.11,0,0,0,0,0,0,0,0,0,0,0,1,0,0,0.71,-3.16
Chloroprocaine ,1,7.15,0.59,1,2.39,0.333,1,7,0.184,1,0,6,20,2,2,1,0,0,1,0,0,0,0,0,0,1.688,0.302,4.42,4021,23.216,1432,2.252,1.726,2.063,4.778,20.161,4.698,0.561,0.33,0.155,0.833,2.256,0,67.861,0,0,0,0,8,0,0,15,4.836,1.29,15.983,0.209,0.144,0.648,0.371,0.127,0.031,2.868,-0.03,-0.07,-0.139,0.077,-0.087,0.052,-0.155,-0.185,0.101,-0.005,-0.538,-0.094,0.312,0.113,0.007,-0.018,-0.01,0.111,0.064,-0.733,-0.01,0.347,-0.343,0.134,0.557,0.83,1.186,1.542,0.73,0.698,0.634,1.509,0.956,1.97,0.252,0.871,1.168,1.401,0.789,0.543,0.903,0.799,0.882,2.165,1.152,0.354,0.222,0.097,0.06,0.033,0.031,0.019,0.015,0.01,0.01,0.014,0.511,0.017,0.336,6.052,0.344,0.593,1,9.33,-74.281,1,8.821,8.014,0.174,5.949,12.72,0,6.158,0,0,0,0,2,0,0,0,3,3,1,0,0,1,0,0,0,0,0,0,0,0,0,0,0,0,1,0,0,0,0,0,1,1,0,0,0,0,0,0,0,1,0,0,0,0,0,0,0,0,0,1,0,0,0,0,4,0,0,0,0,0,0,0,0,0,0,0,1,2,0,0,0,0,0,0,0,0,1,0,0,0,0,11,0,0,0,6,0,0,0,1,0,1,0,0,0,0,0,0,0,0,0,0,0,0,1,0,0,0,1,0,0,0,0,0,0,0,3,1.197,56.76,-1.03,1.06,0.879,0.772,0,0,0,0,0,0,0,1,0,1,0,1,1,1,1.85,-5.05
Cimetidine ,0,7.65,0.61,1,2.31,0,1,7,0.212,3,1,0,16,6,0,0,0,1,0,0,0,0,0,0,0,1.789,0.345,5.303,3682,22.823,1226,1.961,1.796,1.163,2.427,11.249,5.115,0.534,0.31,0.155,0.833,2.728,56.919,0,0,0,0,0,0,0,10,15,3.466,1.234,12.515,0.217,0.151,0.638,0.379,0.137,0.068,2.661,-0.155,-0.095,-0.028,-0.26,0.087,0.054,0.062,-0.38,0.492,-0.442,0.209,-0.398,0.031,0.18,0.15,-0.136,0.182,0.361,-0.451,0.1,-0.583,0.157,-0.359,0.133,1.092,0.902,1.325,2.258,1.131,1.639,0.757,0.035,1.324,0.757,0.768,0.58,1.155,0.908,1.122,0.851,1.009,0.555,1.509,1.375,1.258,0.405,0.147,0.078,0.046,0.024,0.015,0.009,0.01,0.012,0.008,0.007,0.355,0.006,0.317,5.673,0.352,0.581,0.889,7.69,-42.38,0,2.498,1.201,0.096,48.093,0,17.351,0,0,0,0,0,1,0,0,0,0,0,3,0,0,0,0,0,0,0,0,0,0,0,1,1,0,0,0,3,0,0,0,0,0,0,0,0,0,0,0,0,1,0,0,0,0,0,0,0,0,0,0,1,0,0,0,1,3,0,0,0,0,0,0,0,0,0,2,0,0,0,0,0,0,0,0,0,0,0,2,1,0,0,0,9,0,1,0,3,0,0,0,0,0,0,0,0,2,0,0,0,0,0,3,0,0,0,1,0,0,0,0,0,1,0,0,0,0,-999,2.322,1.366,112.54,0.821,0.674,-1.062,1.127,0,0,0,0,0,0,0,0,0,0,0,1,0,0,0.44,-2.49
Clavulanic_acid ,0,9.01,0.62,1.06,3.23,0,3,2,0.087,3,0,0,8,1,5,0,0,1,0,1,0,0,0,0,0,1.75,0.258,1.7,2275,12.058,1385,2.054,1.564,3.055,4.042,31.427,1.281,0.582,0.355,0.212,0.75,1.461,30.141,0,0,0,0,0,0,0,10,3,4.454,1.139,6.453,0.158,0.105,0.51,0.275,0.073,0.02,1.021,-0.191,-0.049,-0.139,0.014,-0.211,1.67,0,-0.221,-0.044,-0.107,-0.003,-0.19,-0.005,0,0.015,1.676,0,-0.042,-0.091,-0.012,-0.179,-0.016,1.561,0,0.947,0.868,0.969,1.024,1.271,1.262,0,0,0.948,1.026,0,0.867,0.971,1.274,0,0,1.017,0.885,0.938,1.025,0,0,0.2,0.072,0.095,0.064,0.038,0.019,0,0,0,0,0.489,0,0.409,3.96,0.368,0.609,0.827,2.67,0,0,3.819,2.734,0.15,0,7.277,0,0,26.056,0,0,0,1,2,2,0,0,0,0,0,0,0,0,0,0,1,0,0,0,0,0,0,0,0,0,0,0,0,0,0,0,0,0,0,1,0,0,0,0,0,1,0,0,0,0,0,0,0,0,0,1,0,0,0,1,0,1,1,0,0,0,1,0,0,1,0,0,0,0,0,0,0,0,0,0,0,2,0,0,0,0,4,1,0,2,0,0,0,1,2,1,0,1,0,0,0,0,0,1,0,0,0,0,0,0,0,0,0,0,0,0,0,0,0,0,1.469,2,-0.027,89.9,-0.154,0.024,-2.018,4.071,0,0,0,0,0,0,0,0,0,0,0,0,0,0,-1.37,0.41
Cocaethylene ,1,6.78,0.59,1,2.3,0.24,4,6,0.122,2,0,6,24,1,4,0,0,1,2,1,0,0,0,0,0,1.89,0.231,3.44,12570,21.263,7818,1.672,1.241,2.024,5.433,29.845,3.228,0.576,0.349,0.196,0.833,1.226,54.916,141.078,0,0,0,0,0,0,10,83,5.039,1.215,19.27,0.176,0.113,0.597,0.342,0.115,0.039,3.378,-0.139,0.155,-0.244,0.116,-0.407,-0.098,-0.161,-0.152,0.133,-0.246,0.163,-0.41,0.321,-0.171,0.111,-0.098,-0.159,0.122,-0.246,0.186,-0.41,0.322,-0.106,-0.176,0.882,0.746,1.191,1.36,1.581,0.626,0.816,0.945,1.184,1.293,0.967,0.744,1.192,1.582,0.815,0.943,0.928,0.794,1.179,1.26,0.835,0.979,0.16,0.083,0.059,0.038,0.03,0.022,0.015,0.007,0.007,0.008,0.428,0.002,0.282,4.57,0.299,0.565,0.929,4.39,-74.281,1,3.051,4.626,0.049,0,10.672,0,0,8.202,0,0,0,1,6,6,1,5,1,1,0,1,1,0,0,0,0,0,0,0,0,0,0,0,0,0,0,0,0,0,0,1,1,0,0,0,0,0,0,0,0,0,1,0,0,0,0,0,0,0,1,3,1,0,1,1,0,3,0,0,0,0,0,0,0,0,0,1,0,0,0,0,0,0,0,0,0,2,0,0,0,0,13,0,0,1,7,2,0,0,2,0,2,0,0,0,0,0,0,0,0,0,0,0,0,1,0,0,0,0,0,0,0,0,0,0,0,3.17,-0.326,57.04,-1.033,1.067,0.907,0.822,0,0,0,0,0,0,0,1,0,0,0,1,1,0,1.24,-5.15
Cocaine ,1,6.92,0.6,1,2.34,0.25,4,5,0.109,2,0,6,22,1,4,0,0,1,2,1,0,0,0,0,0,1.886,0.232,3.387,10974,19.334,7028,1.671,1.256,2.029,5.304,28.551,2.877,0.582,0.359,0.194,1,1.055,51.76,133.511,0,0,0,0,0,0,10,76,5.013,1.214,18.181,0.178,0.11,0.592,0.331,0.115,0.039,3.232,-0.146,0.188,-0.249,0.129,-0.444,-0.154,-0.121,-0.16,0.166,-0.251,0.178,-0.448,0.401,-0.133,0.124,-0.153,-0.12,0.154,-0.251,0.201,-0.449,0.404,-0.165,-0.139,0.887,0.65,1.183,1.296,1.629,0.546,0.932,0.835,1.176,1.231,0.864,0.646,1.183,1.63,0.93,0.832,0.934,0.701,1.171,1.199,0.954,0.879,0.167,0.085,0.057,0.04,0.032,0.022,0.013,0.008,0.009,0.012,0.445,0.002,0.302,4.328,0.311,0.579,0.925,5.34,-74.281,1,4.174,5.73,0.041,0,10.672,0,0,8.202,0,0,0,0,6,6,1,5,1,1,0,1,1,0,0,0,0,0,0,0,0,0,0,0,0,0,0,0,0,0,0,1,1,0,0,0,0,0,0,0,0,0,1,0,0,0,0,0,0,0,1,3,1,0,2,0,0,3,0,0,0,0,0,0,0,0,0,1,0,0,0,0,0,0,0,0,0,2,0,0,0,0,14,0,0,1,4,2,0,0,2,0,2,0,0,0,0,0,0,0,0,0,0,0,0,1,0,0,0,0,0,0,0,0,0,0,0,3.17,-0.31,57.04,-1.27,1.614,0.558,0.311,0,0,0,0,0,0,0,1,0,1,0,1,1,0,0.83,-5.01
Cortisol ,0,6.47,0.58,1,2.46,0,10,2,0.034,3,0,0,30,0,5,0,0,1,3,0,0,1,2,0,0,1.783,0.196,2.111,38213,14.079,27609,1.677,1.632,2.794,5.362,48.342,2.239,0.623,0.405,0.215,1,1.052,37.415,125.669,0,61.884,139.176,0,0,0,10,291,5.371,1.083,9.617,0.158,0.095,0.604,0.343,0.119,0.041,3.386,0.025,-0.02,0.1,-0.078,-0.169,0.104,-0.417,0.025,-0.02,0.1,-0.078,-0.169,-0.043,-0.417,-0.078,0.104,-0.417,-0.02,0.1,-0.078,-0.169,-0.043,0.104,-0.417,0.534,0.645,0.682,0.974,1.253,1.032,1.161,1.639,0.682,0.974,1.639,0.645,0.682,1.253,1.161,1.639,0.534,0.645,0.682,0.974,1.161,1.639,0.293,0.144,0.074,0.058,0.035,0.032,0.02,0.017,0.011,0.011,0.695,0.038,0.286,4.329,0.29,0.607,0.915,5.83,-63.612,0,0.71,3.008,0.098,0,0,0,0,41.205,0,0,0,3,8,8,4,0,0,3,0,0,0,0,0,0,0,0,2,0,0,0,0,0,0,0,0,0,0,0,0,0,0,0,0,1,1,1,0,0,0,0,0,0,0,0,0,0,0,0,2,7,3,2,0,1,0,1,0,1,0,0,1,1,0,0,0,0,0,0,0,0,0,0,0,0,0,0,0,0,0,16,4,0,0,2,5,0,0,3,2,0,0,0,0,0,0,0,0,0,0,0,0,0,0,0,0,0,0,0,0,0,0,0,0,0,-999,2,0.898,94.83,1.618,2.619,1.217,1.481,0,0,0,0,0,0,0,1,1,0,0,1,0,0,1.79,-3.26
Cortisone,1,6.68,0.59,1,2.52,0,10,2,0.035,4,0,0,28,0,5,0,0,1,3,0,0,1,2,0,0,1.783,0.196,2.111,38213,14.079,27609,1.677,1.656,2.855,6.32,50.276,2.172,0.623,0.405,0.215,1,1.052,37.415,125.669,0,61.884,139.176,0,0,0,10,291,5.442,1.093,10.774,0.158,0.095,0.599,0.338,0.115,0.039,3.386,0.025,-0.02,0.1,-0.078,-0.169,0.104,-0.417,0.025,-0.02,0.1,-0.078,-0.169,-0.043,-0.417,-0.078,0.104,-0.417,-0.02,0.1,-0.078,-0.169,-0.043,0.104,-0.417,0.534,0.645,0.682,0.974,1.253,1.032,1.161,1.639,0.682,0.974,1.639,0.645,0.682,1.253,1.161,1.639,0.534,0.645,0.682,0.974,1.161,1.639,0.293,0.144,0.074,0.058,0.035,0.032,0.02,0.017,0.011,0.011,0.695,0.038,0.286,4.205,0.295,0.606,0.909,5.93,-63.612,0,1.645,2.538,0.109,0,0,0,0,41.205,0,0,0,3,7,7,4,0,0,3,0,0,0,0,0,0,0,0,3,0,0,0,0,0,0,0,0,0,0,0,0,0,0,0,0,1,0,1,0,0,0,0,0,0,0,0,0,0,0,0,2,7,3,2,0,1,0,0,0,1,0,0,1,1,0,0,0,0,0,0,0,0,0,0,0,0,0,0,0,0,0,16,3,0,0,5,2,0,0,2,3,0,0,0,0,0,0,0,0,0,0,0,0,0,0,0,0,0,0,0,0,0,0,0,0,0,-999,2.322,0.213,91.67,1.528,2.334,1.034,1.07,0,0,0,0,0,0,0,1,1,0,0,1,1,0,1.98,-3.42
Creatinine,0,7.54,0.58,1.03,2.85,0,1,0,0,2,0,0,7,3,1,0,0,1,0,0,0,0,0,0,0,1.6,0.306,1.017,284,5.514,164,2.388,1.766,1.829,3.355,10.06,0.935,0.592,0.327,0.15,0.333,0.906,19.067,0,0,0,0,0,0,0,10,0,1.099,1.148,3.068,0.21,0.141,0.573,0.285,0.084,0.022,0,-0.485,0.221,-0.263,-0.353,0,0,0,-0.592,0.305,-0.314,-0.211,0,0,0,-0.37,0,0,0.34,-0.338,-0.155,0,0,0,0,1.131,0.574,1.162,2.253,0,0,0,0,1.187,1.753,0,0.579,1.159,0,0,0,1.347,0.522,1.2,1.542,0,0,0.313,0.101,0.131,0,0,0,0,0,0,0,0.544,0,0.438,4.64,0.386,0.62,0.675,2.25,-25.309,0,5.626,3.957,0.189,0,5.039,0,0,0,0,0,0,0,0,0,0,0,0,2,0,0,0,0,0,0,0,0,0,0,0,0,1,0,0,0,0,0,1,0,0,0,0,0,0,0,0,0,0,0,0,0,0,0,0,0,0,0,0,0,0,0,0,0,1,1,0,0,0,0,0,0,0,0,0,0,0,0,0,0,0,0,0,0,0,0,0,1,1,0,0,0,5,0,0,0,0,0,0,0,1,0,0,0,1,0,1,0,0,0,0,1,0,0,0,0,0,0,0,0,0,0,0,0,0,0,-999,1.585,1.083,58.69,-0.339,0.115,-0.193,0.037,0,0,0,0,0,0,0,0,0,0,0,0,0,0,-1.77,-0.28
DDE,1,12.23,0.78,1.02,2.36,0.632,2,2,0.074,1,0,12,8,0,0,4,0,0,2,0,0,0,0,0,0,1.8,0.255,2.579,4112,16.71,2135,1.949,2.563,1.459,1.86,14.45,3.428,0.582,0.327,0.173,1,0.946,0,122.631,0,0,0,0,0,38,0,24,5.627,1.417,23.989,0.187,0.12,0.675,0.351,0.104,0.033,3.945,0.015,0.113,-0.11,-0.25,-0.299,0.929,-0.743,1,1,1,1,1,1,1,-0.25,0.929,-0.743,0.113,-0.11,-0.25,-0.299,-0.357,0.929,-0.743,0.575,0.63,0.841,1.138,1.242,1.366,0.911,2.186,0,0,0,0.63,0.841,1.242,0.911,2.186,0.575,0.63,0.841,1.138,0.911,2.186,0.211,0.085,0.058,0.045,0.021,0.035,0.014,0.01,0.026,0,0.506,0,0.325,4.02,0.345,0.605,0.803,2.33,-80.683,1,3.075,1.782,0.079,0,0,0,0,0,0,0,0,0,0,0,0,8,4,2,1,0,0,0,0,0,0,0,0,0,0,0,0,0,0,0,0,0,0,0,0,0,0,0,0,0,0,0,0,0,2,0,0,0,0,0,0,0,0,0,0,0,0,0,0,0,0,0,0,0,0,0,0,1,0,0,1,2,2,0,0,0,0,0,0,0,0,0,0,0,0,0,8,0,0,0,0,0,0,0,0,0,0,0,0,0,0,0,0,0,0,0,0,0,0,0,0,0,0,2,2,0,0,0,0,0,-999,3.807,-0.763,0,5.854,34.268,5.93,35.164,0,0,0,0,0,0,0,0,0,0,0,0,0,0,6.22,-6.64
Dexamethasone,0,6.89,0.59,1.01,2.67,0,10,2,0.033,4,0,0,29,0,5,1,0,1,3,0,0,1,2,0,0,1.714,0.182,2.028,44906,16.5,31795,1.769,1.692,3.23,8.859,66.406,2.104,0.633,0.424,0.222,1,1.041,40.545,138.214,0,67.71,153.146,0,0,0,10,332,5.673,1.135,16.307,0.156,0.091,0.593,0.327,0.105,0.036,3.59,0.024,-0.049,0.018,-0.15,-0.227,0.182,0.018,0.026,-0.043,0.044,-0.14,-0.226,0.125,-0.081,-0.145,0.189,-0.043,-0.044,0.042,-0.141,-0.226,0.129,0.189,-0.072,0.546,0.76,0.988,1.092,1.269,1.035,0.913,1.002,0.865,1.05,1.201,0.735,0.907,1.269,0.943,1.129,0.553,0.724,0.875,1.054,0.957,1.184,0.323,0.164,0.083,0.06,0.041,0.031,0.021,0.015,0.013,0.009,0.758,0.009,0.27,4.533,0.265,0.578,0.794,5.03,-70.44,0,3.035,4.835,0.096,0,0,0,0,38.591,14.898,0,0,4,5,5,5,0,0,5,0,0,0,0,0,0,0,0,2,0,0,0,0,0,0,0,0,0,0,0,0,0,0,0,0,1,1,1,0,0,0,0,0,0,0,0,0,0,0,0,3,4,3,2,0,1,0,1,0,2,0,0,3,1,0,0,0,0,0,0,0,0,0,0,0,0,0,0,0,0,0,16,6,0,0,0,4,0,0,3,2,0,0,0,0,0,0,0,0,0,0,0,0,0,0,0,1,0,0,0,0,0,0,0,0,0,-999,2.322,0.882,94.83,1.855,3.439,1.642,2.696,0,0,1,0,0,0,0,1,1,0,0,1,0,0,1.93,-3.89
Dichlorobenzene ,1,12.25,0.77,1.02,2.44,0.75,1,0,0,0,0,6,4,0,0,2,0,0,1,0,0,0,0,0,0,1.714,0.311,0.854,362,4.193,182,2.279,3.292,1.061,1.466,5.862,1.38,0.567,0.319,0.127,0.333,0.875,0,22.133,0,0,0,0,0,3,0,0,3.446,1.378,8.388,0.231,0.15,0.697,0.37,0.144,0.04,0,0,-0.2,0,-1,0,0,0,1,1,1,1,0,0,0,-1,0,0,-0.2,0,-1,0,0,0,0,0.583,0.933,1.167,2.333,0,0,0,0,0,0,0,0.933,1.167,0,0,0,0.583,0.933,1.167,2.333,0,0,0.188,0.111,0.047,0.111,0,0,0,0,0,0,0.457,0,0.363,4.002,0.433,0.645,0.333,2.18,-80.683,1,10.986,6.682,0.283,0,0,0,0,0,0,0,0,0,0,0,0,4,2,0,0,0,0,0,0,0,0,0,0,0,0,0,0,0,0,0,0,0,0,0,0,0,0,0,0,0,0,0,0,0,2,0,0,0,0,0,0,0,0,0,0,0,0,0,0,0,0,0,0,0,0,0,0,0,0,0,0,0,2,0,0,0,0,0,0,0,0,0,0,0,0,0,4,0,0,0,0,0,0,0,0,0,0,0,0,0,0,0,0,0,0,0,0,0,0,0,0,0,0,2,0,0,0,0,0,0,-999,2.807,-0.71,0,3.478,12.094,3.159,9.978,0,0,0,0,0,0,0,0,0,0,0,0,0,0,3.45,-3.05
Diclofenac ,1,10.18,0.71,1.03,2.64,0.6,2,4,0.133,1,0,12,10,1,2,2,0,0,2,0,0,0,0,0,0,1.81,0.251,3.269,7166,16.896,3176,1.936,1.911,2.806,3.716,23.787,3.475,0.575,0.32,0.174,0.8,1.144,0,122.315,0,0,0,0,32,4,0,32,5.426,1.544,38.12,0.188,0.124,0.595,0.315,0.097,0.027,3.224,0.003,-0.069,-0.11,0.228,-0.109,-0.255,0.172,-0.032,0.214,-0.127,-0.138,0.276,-0.057,-0.857,-0.135,-0.411,0.912,0.202,-0.198,0.024,0.312,0.022,-0.037,-1.597,0.531,0.776,1.095,0.884,0.882,1.425,1.407,1.471,0.778,0.956,3.55,0.699,0.755,1.007,1.493,1.399,0.558,0.579,0.952,0.864,1.066,4.115,0.2,0.082,0.044,0.051,0.024,0.014,0.022,0.005,0.016,0,0.459,0,0.294,4.29,0.332,0.59,0.803,1.35,-80.683,1,4.573,1.821,0.186,0,3.008,0,3.3,0,0,0,0,0,1,0,0,7,5,0,0,0,0,0,0,0,0,0,0,0,0,0,0,0,0,0,0,1,0,0,0,0,0,0,0,0,0,0,0,0,2,0,0,0,0,0,0,0,0,0,0,1,0,0,0,0,0,0,0,0,0,0,0,0,0,0,0,1,4,0,0,0,0,0,0,0,0,1,0,0,0,0,7,0,0,2,0,0,0,0,1,0,0,1,0,0,0,0,0,0,1,0,0,0,0,0,0,0,0,2,0,0,0,0,0,0,1.469,3.807,-0.249,52.16,3.988,15.9,3.67,13.471,0,0,1,1,0,0,0,1,0,1,0,1,0,1,4.39,-4.87
Didanosine,0,8.15,0.62,1.03,2.54,0,4,2,0.065,5,0,0,12,4,3,0,0,2,1,0,0,1,0,0,0,2,0.255,2.524,6297,9.239,4416,1.648,1.228,2.019,4.44,23.259,1.733,0.581,0.36,0.198,0.8,0.844,68.651,38.571,0,58.191,0,0,0,0,20,54,5.553,1.323,22.2,0.174,0.11,0.535,0.292,0.082,0.023,2.521,-0.304,-0.008,-0.067,0.056,-0.117,-0.209,-1.148,-0.362,0.034,-0.097,0.106,-0.127,0.111,-1.152,0.051,-0.214,-1.146,0.055,-0.108,0.125,-0.133,0.096,-0.139,-1.139,1.041,0.82,0.949,0.898,0.949,0.973,1.405,2.569,0.995,0.851,2.437,0.821,0.944,0.946,1.416,2.579,1.18,0.808,1.016,0.834,1.249,2.358,0.158,0.082,0.05,0.04,0.021,0.018,0.018,0.014,0.008,0,0.409,0,0.356,3.389,0.371,0.616,0.874,5.72,-40.536,0,8.678,8.935,0.201,6.806,33.503,0,0,11.801,0,0,0,1,3,3,0,0,0,5,0,0,0,0,0,0,0,0,0,0,0,2,0,1,0,0,1,0,0,0,0,1,0,0,0,1,0,0,0,0,0,0,0,1,0,0,0,0,0,0,1,2,0,0,0,1,0,1,1,0,0,0,0,0,0,0,0,0,0,0,0,0,0,0,0,0,0,4,0,0,0,0,3,1,2,0,2,2,0,1,1,1,0,0,0,1,0,0,0,0,0,2,0,0,0,1,0,0,0,0,0,0,0,0,0,0,-999,2.585,0.584,91.98,0.65,0.422,-2.471,6.104,0,0,0,0,0,0,0,0,0,0,0,0,0,0,-0.99,-1.55
Ethanol,1,5.12,0.48,1,3.17,0,0,0,0,0,0,0,6,0,1,0,0,0,0,0,0,0,0,0,0,1.2,0.577,1.333,5,2.333,4,1.633,1.027,1.25,1.569,3.139,2,0.333,0,0,1,0.918,0,0,0,0,0,0,0,0,0,0,0,1,0,0,0,0.718,0.512,0,0,0,-0.25,-1,0,0,0,0,0,-0.25,-1,0,0,0,0,0,0,0,0,-1,0,0,0,0,0,0,0.75,1.5,0,0,0,0,0,0,0,0,0,1.5,0,0,0,0,0.75,1.5,0,0,0,0,0.25,0,0,0,0,0,0,0,0,0,0.25,0,0.253,6.227,0.414,0.593,0.455,3.75,0,0,3.417,0.332,0.126,0,0,0,0,0,0,0,0,2,0,0,0,0,0,0,0,0,0,0,0,0,0,0,0,0,0,0,0,0,0,0,0,0,0,0,0,0,0,0,0,1,0,0,0,0,0,0,0,0,0,0,0,0,0,0,0,0,0,0,0,1,0,0,0,0,0,0,0,0,0,0,0,0,0,0,0,0,0,0,0,0,0,0,0,0,0,0,2,0,0,0,3,0,0,1,0,0,0,0,0,0,0,0,0,0,0,0,0,0,0,0,0,0,0,0,0,0,0,0,0,0,-999,0,0.638,20.23,-0.172,0.03,-0.009,0,0,0,0,0,0,0,0,0,0,0,0,0,0,0,-0.4,1.1
Fenoterol,0,6.92,0.6,1,2.55,0.522,2,6,0.133,0,0,12,22,1,4,0,0,0,2,0,0,0,0,0,0,1.784,0.291,5.331,9501,23.961,3933,1.655,1.546,2.097,4.134,28.659,5.195,0.581,0.312,0.158,0.857,0.688,0,167.606,0,0,0,0,0,0,0,36,5.159,1.365,28.047,0.2,0.131,0.573,0.323,0.108,0.035,3.055,-0.017,-0.138,-0.099,-0.108,0.146,-0.028,-0.249,-0.024,-0.147,-0.084,-0.135,0.109,0.243,-0.242,-0.106,-0.032,-0.25,-0.15,-0.077,-0.147,0.09,0.265,0.028,-0.237,0.617,0.89,0.951,1.136,0.96,0.525,0.919,1.226,0.945,1.175,1.195,0.888,0.952,0.956,0.924,1.229,0.65,0.918,0.943,1.196,0.856,1.175,0.261,0.072,0.05,0.053,0.021,0.018,0.018,0.007,0.01,0.008,0.517,0.37,0.32,4.762,0.345,0.591,0.977,10.03,-80.683,1,1.928,1.424,0.098,0,14.311,0,0,31.581,0,0,0,1,3,0,0,7,5,0,0,0,0,0,0,0,0,0,0,0,0,0,0,0,0,0,0,0,0,0,0,1,1,0,3,0,1,0,0,0,0,0,0,0,0,0,0,0,0,0,2,1,0,0,0,1,0,2,0,0,0,0,0,0,0,0,0,2,3,0,0,0,0,0,0,0,0,0,0,0,0,0,11,0,0,0,5,0,0,1,0,0,0,0,0,0,0,0,0,0,0,0,0,0,0,1,0,0,0,0,0,0,0,0,0,0,0,3.7,3.607,97.53,-2.049,4.198,1.106,1.224,0,0,0,0,0,0,0,1,1,1,0,1,1,0,-0.73,-4.4
Ganciclovir ,0,8.23,0.59,1.04,2.86,0,3,5,0.156,4,0,0,13,5,4,0,0,1,1,0,0,1,0,0,0,1.8,0.27,3.415,6266,16.22,3040,1.866,1.22,2.194,4.456,29.832,2.7,0.572,0.346,0.179,0.8,1.761,37.441,45.063,0,69.726,0,0,0,0,10,31,5.106,1.259,16.628,0.185,0.119,0.525,0.278,0.073,0.018,2.865,-0.371,0.011,-0.07,0.104,-0.036,0.041,-0.983,-0.446,0.066,-0.129,0.14,-0.021,-0.019,-1.033,0.1,0.031,-0.976,0.096,-0.155,0.153,-0.015,-0.027,0.157,-1.044,1.157,0.76,0.986,0.865,0.869,1.074,1.012,2.05,1.048,0.821,2.052,0.76,0.979,0.868,1.024,2.047,1.322,0.751,1.076,0.805,0.862,2.039,0.211,0.085,0.051,0.046,0.028,0.017,0.021,0.016,0.005,0,0.48,0.001,0.348,4.087,0.367,0.601,0.861,5.41,-40.536,0,7.197,9.027,0.121,13.024,69.813,0,0,22.299,0,0,0,2,1,0,0,0,0,5,0,0,0,0,0,0,0,0,0,0,0,1,1,0,0,0,1,0,1,0,0,0,0,0,0,2,0,0,0,0,0,0,0,0,0,0,0,0,0,0,3,0,0,0,0,2,1,1,0,0,0,0,0,0,0,1,1,0,0,0,0,0,0,0,0,0,0,2,1,0,0,0,5,2,1,0,0,0,0,2,1,1,0,0,1,1,0,0,0,0,0,2,0,0,0,1,0,0,0,0,0,0,0,0,0,0,-999,2.322,3.19,138.23,-0.381,0.145,-3.253,10.583,0,0,0,0,0,0,0,0,0,0,0,0,0,0,-1.3,-1.34
Glucose ,0,7.51,0.53,1.05,3.47,0,1,1,0.042,0,0,0,12,0,6,0,0,0,1,0,0,0,0,0,0,1.565,0.263,1.27,1039,10.323,496,2.634,1.827,2.902,3.12,31.466,1.765,0.593,0.381,0.173,0.5,1.124,0,37.924,0,0,0,0,0,0,0,0,2.944,1,0,0.204,0.125,0.52,0.297,0.085,0.025,0,-0.167,-0.294,0.053,-0.167,0.2,0,0,-0.167,-0.294,0.053,-0.167,0.2,1,0,-0.167,0,0,-0.294,0.053,-0.167,0.2,1,0,0,1.069,1.186,0.868,1.069,0.733,0,0,0,0.868,1.069,0,1.186,0.868,0.733,0,0,1.069,1.186,0.868,1.069,0,0,0.25,0.131,0.069,0.076,0.024,0,0,0,0,0,0.55,0,0.426,6.09,0.347,0.604,0.732,1.46,0,0,2.177,1.523,0.088,0,0,0,0,35.284,0,0,0,1,4,4,0,0,0,0,0,0,0,0,0,0,0,0,0,0,0,0,0,0,0,0,0,0,0,0,0,0,0,0,0,1,3,0,0,0,0,0,0,0,0,0,0,0,0,0,5,0,0,0,0,1,0,4,1,0,0,0,0,0,0,0,0,0,0,0,0,0,0,0,0,0,0,0,0,0,0,0,6,1,0,0,0,0,0,5,0,1,0,0,0,0,0,0,0,0,0,0,0,0,0,0,0,0,0,0,0,0,0,0,0,0,-999,0,3.757,110.38,-2.483,6.165,-2.513,6.317,0,0,0,0,0,0,0,0,0,0,0,0,0,0,-2.57,0.64
Hydralazine ,1,8.01,0.66,1.01,2.29,0.846,3,1,0.048,0,0,11,8,4,0,0,0,0,2,0,0,0,1,0,0,2,0.265,1.339,2415,4.155,1162,1.987,2.22,1.062,1.263,5.788,1.17,0.556,0.349,0.2,1,0.896,0,45.473,0,0,39.179,0,0,0,0,6,5.577,1.539,23.533,0.185,0.123,0.53,0.276,0.074,0.021,0,0.385,0.059,0.059,-0.5,-1,0,0,0.385,0.059,0.059,-0.5,-1,-1,0,-0.5,0,0,0.059,0.059,-0.5,-1,-1,0,0,0.476,0.728,0.849,1.547,2.063,2.063,0,0,0.849,1.547,0,0.728,0.849,2.063,0,0,0.476,0.728,0.849,1.547,0,0,0.115,0.078,0.04,0.04,0.025,0.04,0,0,0,0,0.339,0,0.342,3.581,0.375,0.628,0.803,1.93,-65.587,1,3.069,3.282,0.151,6.308,0,0,0,0,0,0,0,0,0,0,0,4,2,0,0,0,0,0,0,0,0,0,0,0,0,0,0,0,0,0,0,0,0,0,1,0,0,0,0,0,0,0,0,0,0,0,0,0,0,0,0,0,1,0,2,0,0,0,0,0,0,0,0,0,0,0,0,0,0,0,0,2,0,1,0,1,0,0,0,0,0,0,0,0,0,0,4,0,1,0,0,0,0,0,0,0,0,0,0,0,0,1,0,0,0,0,2,0,0,0,0,0,0,0,0,0,0,0,0,0,-999,3.585,1.555,63.83,1.928,3.717,0.77,0.594,0,0,0,0,0,0,0,0,0,0,0,0,0,0,0.66,-1.79
Indinavir ,0,6.55,0.6,0.99,2.21,0.367,6,12,0.122,2,0,18,49,5,4,0,0,1,4,0,0,1,0,0,0,1.908,0.201,6.139,96221,53.536,51150,1.224,1.038,2.12,6.82,52.575,9.139,0.584,0.32,0.179,0.9,0.906,122.409,685.914,0,227.756,0,0,0,0,10,211,5.8,1.276,46.614,0.181,0.118,0.597,0.338,0.112,0.039,4.435,-0.09,-0.002,0.071,-0.177,-0.051,-0.184,-0.095,-0.113,-0.009,0.101,-0.154,-0.091,0.103,-0.101,-0.179,-0.184,-0.094,-0.014,0.114,-0.141,-0.109,0.104,-0.175,-0.102,0.73,0.777,0.882,1.405,1.431,1.02,1.208,1.34,0.879,1.351,1.305,0.772,0.882,1.431,1.211,1.343,0.846,0.854,0.88,1.323,1.166,1.286,0.214,0.061,0.053,0.037,0.024,0.018,0.014,0.01,0.008,0.007,0.446,4.001,0.196,3.845,0.262,0.548,0.945,3.6,-74.299,1,4.064,6.476,0.033,39.94,77.023,0,0,18.972,0,0,0,3,7,4,0,9,3,0,0,0,0,0,2,0,0,0,0,0,0,0,0,0,0,0,0,0,0,0,0,2,2,0,0,0,2,0,0,0,0,0,0,0,0,0,0,1,0,0,5,3,1,0,0,5,0,4,0,1,0,0,0,0,0,0,0,4,0,2,0,0,0,0,0,0,0,2,0,0,0,2,25,0,2,1,13,0,0,2,2,0,0,0,0,0,0,0,0,2,0,0,1,0,0,2,0,0,0,0,0,0,0,0,0,0,0,4.392,2.772,120.43,-5.643,31.845,0.068,0.005,0,0,0,0,0,0,0,0,0,0,0,0,0,0,1.52,-6.5
Indomethacin ,1,8.92,0.68,1.02,2.6,0.444,4,4,0.095,4,0,12,15,1,4,1,0,1,2,0,0,1,0,0,0,1.807,0.219,2.867,17053,21.566,10064,1.757,1.738,2.871,5.972,35.533,3.222,0.587,0.345,0.191,1,1.157,53.099,139.867,0,99.336,0,0,39,0,10,117,6.503,1.492,45.975,0.172,0.105,0.579,0.298,0.086,0.024,3.675,-0.013,-0.023,-0.035,-0.021,-0.016,-0.028,-0.341,-0.091,0.143,-0.105,-0.221,0.007,-0.253,-0.319,-0.208,0.635,-0.521,0.147,-0.088,-0.193,0.047,-0.336,0.752,-0.189,0.519,0.674,0.649,0.404,0.404,0.636,0.889,2.439,0.804,1.123,1.455,0.634,0.796,1.061,0.693,1.762,0.745,0.612,0.779,1.046,0.565,1.416,0.204,0.08,0.064,0.05,0.035,0.021,0.016,0.013,0.007,0.015,0.505,0.015,0.304,3.854,0.34,0.584,0.852,3.35,-68.262,1,6.727,5.744,0.065,0,8.96,0,3.781,21.362,0,0,0,1,1,0,0,7,5,3,0,0,0,0,0,0,0,0,0,0,0,0,0,0,0,0,0,0,0,0,0,1,0,0,0,0,0,0,1,0,1,0,0,0,0,0,0,0,0,0,0,1,0,0,1,0,0,0,0,0,0,0,0,1,0,0,0,2,3,0,0,0,0,0,0,0,0,2,0,0,0,0,10,0,0,5,0,0,0,0,2,0,1,1,0,0,0,0,0,0,0,0,0,0,0,1,0,0,0,1,0,0,0,0,0,0,1.469,4.087,-0.751,70.31,3.244,10.521,1.203,1.447,0,0,0,0,0,0,0,1,1,1,0,1,1,1,4,-5.02
L_Alpha_acetyl_N_normethadol,1,6.19,0.59,0.98,2.1,0.462,2,9,0.161,1,0,12,30,1,2,0,0,0,2,0,0,0,0,0,0,1.796,0.192,1.874,7552,35.561,3140,2.404,2.299,1.892,4.848,17.554,4.363,0.558,0.334,0.204,1,1.6,0,187.812,0,0,0,0,0,0,0,24,5.57,1.303,20.621,0.173,0.107,0.635,0.359,0.11,0.036,3.518,-0.067,0.232,-0.043,-0.088,-0.044,0,-0.292,-0.073,0.211,-0.04,-0.09,-0.034,-0.161,-0.283,-0.087,-0.002,-0.292,0.2,-0.038,-0.091,-0.029,-0.166,0.036,-0.278,0.808,0.771,0.768,0.93,1.068,1.14,1.2,1.999,0.746,0.927,1.891,0.771,0.77,1.068,1.201,2.009,0.834,0.776,0.733,0.925,1.193,1.832,0.212,0.089,0.058,0.034,0.019,0.017,0.015,0.014,0,0,0.456,0,0.23,7.192,0.256,0.533,0.835,1.28,-80.683,1,2.387,1.921,0.055,0,7.893,0,0,0,0,0,0,3,4,0,0,10,2,0,0,1,0,0,0,0,0,0,0,0,0,0,0,0,0,0,0,0,0,0,0,1,1,0,0,0,0,0,0,0,0,0,0,0,0,0,0,0,0,0,0,2,0,1,1,0,0,2,0,0,0,0,0,0,0,0,0,2,0,0,0,0,0,0,0,0,0,1,0,0,0,3,15,0,0,3,7,0,0,0,1,0,1,0,0,0,0,0,0,0,0,0,0,0,0,1,0,0,0,0,0,0,0,0,0,0,0,3.807,0.154,42.91,0.614,0.377,2.972,8.831,0,1,1,0,1,0,1,1,1,0,0,1,1,0,2.21,-7.27
L_Alphacetylmethadol,1,6.11,0.59,0.98,2.08,0.444,2,9,0.153,1,0,12,32,1,2,0,0,0,2,0,0,0,0,0,0,1.763,0.189,1.973,8268,38.3,3372,2.432,2.296,1.891,4.915,18.082,4.618,0.568,0.335,0.194,1,1.598,0,197.324,0,0,0,0,0,0,0,28,5.6,1.291,20.272,0.175,0.106,0.644,0.359,0.114,0.036,3.682,-0.088,0.234,-0.039,-0.088,-0.037,0.023,-0.263,-0.098,0.213,-0.037,-0.09,-0.026,-0.156,-0.255,-0.087,0.021,-0.264,0.203,-0.035,-0.091,-0.021,-0.16,0.055,-0.25,0.864,0.757,0.759,0.945,1.053,1.167,1.037,1.913,0.737,0.942,1.809,0.756,0.761,1.054,1.038,1.922,0.932,0.761,0.725,0.94,1.031,1.752,0.222,0.096,0.055,0.033,0.023,0.019,0.015,0.013,0,0,0.477,0,0.231,7.475,0.247,0.528,0.835,1.3,-80.683,1,2.628,2.097,0.06,0,7.893,0,0,0,0,0,0,3,4,0,0,10,2,0,0,1,0,0,0,0,0,0,0,0,0,0,0,0,0,0,0,0,0,0,0,1,1,0,0,0,0,0,0,0,0,0,0,0,0,0,0,0,0,0,0,2,0,1,2,0,0,2,0,0,0,0,0,0,0,0,0,2,0,0,0,0,0,0,0,0,0,1,0,0,0,3,18,0,0,3,7,0,0,0,1,0,1,0,0,0,0,0,0,0,0,0,0,0,0,1,0,0,0,0,0,0,0,0,0,0,0,3.807,-0.446,30.74,0.829,0.687,3.178,10.097,0,0,1,0,0,0,1,1,1,0,0,1,0,0,1.08,-7.42
Lamivudine ,0,8.82,0.62,1.03,2.69,0,2,2,0.074,3,0,0,11,3,3,0,0,1,1,0,0,0,0,0,0,1.837,0.276,2.438,2797,11.233,1633,1.881,1.309,2.098,4.442,22.403,2.273,0.578,0.34,0.179,0.8,0.985,38.692,46.741,0,0,0,0,0,0,10,15,4.489,1.209,10.634,0.188,0.122,0.579,0.342,0.113,0.035,2.393,-0.179,-0.048,0.095,-0.188,-0.028,-0.027,-0.048,-0.255,0.114,-0.3,0.138,-0.164,-0.168,-0.857,0,0.442,-0.881,0.063,-0.368,0.22,-0.347,0.01,0.006,-0.47,1.068,0.991,0.658,1.014,1.644,0.983,1.117,0.191,1.201,0.922,1.779,0.752,1.079,0.875,0.795,1.886,0.875,0.843,1.17,0.764,1.229,1.068,0.219,0.081,0.058,0.044,0.04,0.019,0.019,0.023,0,0,0.501,0,0.37,3.852,0.372,0.612,0.833,6.6,-47.459,0,2.197,1.506,0.152,2.475,23.582,10.241,0,7.344,0,0,0,1,0,0,0,0,0,4,0,0,0,0,0,0,0,0,0,0,0,1,0,0,0,0,0,0,0,0,0,0,0,0,0,1,0,0,0,1,0,0,0,0,0,0,0,0,0,0,1,0,0,0,0,2,0,0,2,0,0,0,1,0,1,0,0,0,0,0,0,0,0,0,0,0,0,1,1,0,0,0,5,3,0,0,0,0,0,1,1,1,0,0,1,0,0,0,0,1,0,1,0,0,0,0,0,0,0,0,0,1,0,0,0,0,-999,2,1.508,115.67,0.015,0,-0.621,0.386,0,0,0,0,0,0,0,0,0,0,0,1,0,0,-1.29,-1.92
Leucine_L,1,5.96,0.53,1,2.98,0,0,3,0.143,1,0,0,13,1,2,0,0,0,0,0,0,0,0,0,0,1.385,0.349,2.428,206,13.533,96,3.377,2.983,2.719,3.061,13.076,3.979,0.572,0.266,0.093,0.667,1.436,0,0,0,0,0,0,0,0,0,0,0,1.049,0.943,0.248,0.169,0.683,0.404,0.152,0.046,0,-0.056,0.221,0.066,-0.358,-1.161,0,0,-0.059,0.177,0.15,-0.404,-1.144,0,0,-0.353,0,0,0.154,0.187,-0.425,-1.129,0,0,0,0.723,0.643,0.883,1.072,2.571,0,0,0,0.822,1.141,0,0.639,0.89,2.579,0,0,0.74,0.705,0.799,1.176,0,0,0.375,0.111,0.063,0.053,0,0,0,0,0,0,0.602,0,0.429,11.649,0.348,0.563,1,3.5,0,0,7.271,2.568,0.244,0,3.833,0,0,0,0,0,0,2,2,0,0,0,0,0,0,0,0,0,0,0,0,0,0,0,0,0,0,0,0,0,0,0,0,0,0,1,1,0,0,0,0,0,0,0,0,0,0,0,0,0,0,0,0,0,2,1,1,0,0,0,0,1,0,0,0,0,0,0,0,0,0,0,0,0,0,0,0,0,0,0,0,1,0,0,0,7,1,0,0,0,2,0,0,0,1,0,0,1,0,0,0,0,0,0,0,0,0,0,0,1,0,0,0,0,0,0,0,0,0,0,7.346,1,1.83,67.77,-3.146,9.9,-1.052,1.106,0,0,0,0,0,0,0,0,0,0,0,0,0,0,-1.18,-1.63
Lidocaine ,1,5.88,0.57,0.98,2.14,0.353,1,5,0.125,1,0,6,23,2,1,0,0,0,1,0,0,0,0,0,0,1.672,0.281,3.736,3389,21.306,1219,2.399,1.999,1.568,4.913,11.457,3.953,0.562,0.335,0.165,0.8,2.085,0,62.915,0,0,0,0,0,0,0,10,4.58,1.299,15.362,0.206,0.137,0.667,0.379,0.13,0.034,2.651,-0.14,0.096,0.247,-0.288,-0.558,0.125,0.186,-0.167,0.087,0.286,-0.292,-0.558,-0.242,0.201,-0.288,0.125,0.184,0.079,0.301,-0.291,-0.552,-0.254,0.128,0.206,0.838,0.791,0.619,1.581,2.603,1.055,0.122,0,0.634,1.5,0,0.785,0.618,2.623,0.118,0,0.981,0.886,0.644,1.46,0.18,0,0.235,0.091,0.063,0.051,0.013,0.029,0.015,0.007,0.016,0,0.518,0,0.333,7.295,0.309,0.563,0.902,5.59,-80.683,1,5.254,6.716,0.033,2.183,1.65,0,0,0,0,0,0,4,0,0,0,3,3,0,0,0,0,0,1,0,0,0,0,0,0,0,0,0,0,0,0,0,0,0,0,1,1,0,0,0,0,0,0,0,0,0,0,0,0,0,0,0,0,0,2,0,0,0,0,3,0,0,0,0,0,0,0,0,0,0,0,2,1,0,0,0,0,0,0,0,0,1,0,0,0,6,9,0,0,0,6,0,0,0,1,0,0,0,0,0,0,0,0,1,0,0,0,0,0,1,0,0,0,0,0,0,0,0,0,0,0,3,0.353,33.54,-1.164,1.354,1.279,1.636,0,0,0,0,0,0,0,1,0,1,0,1,0,1,0.95,-4.6
Lopinavir,1,6.69,0.6,0.99,2.27,0.367,4,15,0.155,3,0,18,48,4,5,0,0,0,4,0,0,0,0,0,0,1.865,0.194,6.212,74617,66.702,23347,1.44,1.185,2.325,6.824,56.716,10.49,0.575,0.331,0.179,1,0.679,0,794.182,0,0,0,0,0,0,0,149,5.632,1.27,39.55,0.19,0.127,0.595,0.331,0.103,0.034,4.481,-0.088,0.126,0.086,-0.228,0.053,-0.105,-0.127,-0.104,0.159,0.102,-0.237,0.055,-0.126,-0.116,-0.227,-0.106,-0.128,0.173,0.108,-0.24,0.057,-0.14,-0.088,-0.11,0.768,0.725,0.993,1.333,1.217,1.332,1.213,1.113,0.983,1.342,1.093,0.725,0.994,1.217,1.215,1.115,0.843,0.74,0.98,1.346,1.186,1.082,0.184,0.071,0.054,0.037,0.02,0.016,0.011,0.011,0.007,0.006,0.418,5.569,0.187,4.708,0.271,0.528,0.99,6.96,-80.683,1,1.207,3.134,0.037,22.236,77.503,0,0,47.293,0,0,0,4,8,1,0,13,5,0,0,0,0,0,2,0,0,0,0,0,1,0,0,0,0,0,0,0,0,0,0,0,0,0,0,0,1,0,1,0,0,0,0,0,0,0,0,0,0,0,2,4,1,0,0,3,0,4,0,0,0,0,0,0,0,0,0,4,1,0,0,0,0,0,0,0,0,2,1,0,0,12,23,0,0,0,5,4,0,1,3,0,1,0,0,0,0,0,0,4,0,0,0,0,0,0,0,0,0,0,0,0,0,0,0,0,-999,4.459,1.298,120,2.911,8.472,5.247,27.527,0,0,0,0,0,0,0,0,0,0,0,0,0,0,3.91,-5.51
Lysine ,0,5.89,0.52,1,2.9,0,0,5,0.208,1,0,0,15,2,2,0,0,0,0,0,0,0,0,0,0,1.5,0.383,3.237,368,15.029,143,3.13,2.777,2.718,3.104,14.559,4.969,0.533,0.274,0.089,0.75,1.922,0,0,0,0,0,0,0,0,0,0,1.792,1.051,1.202,0.267,0.175,0.669,0.43,0.181,0.088,1.413,-0.063,0.156,0.008,-0.375,-0.563,0.878,0,-0.068,0.085,0.057,-0.408,-0.612,-0.647,0,-0.371,0.843,0,0.052,0.075,-0.42,-0.631,-0.613,1.284,0,0.782,0.774,0.937,1.172,1.407,1.582,0.699,0,0.888,1.209,0,0.768,0.943,1.401,0.739,0,0.815,0.852,0.869,1.223,0.243,0,0.222,0.111,0.042,0.04,0.033,0.02,0,0,0,0,0.469,0,0.401,11.007,0.376,0.583,0.941,8.15,0,0,7.803,4.082,0.23,3.781,13.217,0,0,0,0,0,0,1,4,0,0,0,0,0,0,0,0,0,0,0,0,0,0,0,0,0,0,0,0,0,0,0,0,0,0,2,2,0,0,0,0,0,0,0,0,0,0,0,0,0,0,0,0,0,2,3,0,0,0,1,0,1,0,0,0,0,0,0,0,0,0,0,0,0,0,0,0,0,0,0,0,1,0,0,0,2,3,0,0,0,4,0,0,0,1,0,0,1,0,0,0,0,0,0,0,0,0,0,0,2,0,0,0,0,0,0,0,0,0,0,13.223,1,5.175,95.41,-7.638,58.343,-3.367,11.338,0,0,0,0,0,0,0,0,0,0,0,0,0,0,-2.93,-2.27
Mefloquine ,1,8.82,0.61,1.06,3.33,0.393,4,2,0.044,0,0,11,17,2,1,6,0,0,3,0,0,0,1,0,0,1.753,0.2,2.609,20486,23.076,11091,1.86,1.761,6.169,5.244,72.349,3.823,0.611,0.336,0.171,1,0.975,0,200.705,0,0,108.65,0,0,0,0,125,6.426,1.408,40.28,0.17,0.106,0.525,0.298,0.09,0.028,4.179,-0.001,0.459,-0.037,-0.153,-0.311,0.652,-0.357,-0.025,0.361,-0.012,-0.145,-0.332,-0.308,-0.235,-0.16,0.668,-0.319,0.355,-0.005,-0.136,-0.331,-0.316,0.65,-0.22,0.656,0.464,0.741,0.95,1.183,1.383,0.808,1.465,0.772,0.986,1.287,0.495,0.759,1.211,0.758,1.397,0.723,0.564,0.769,0.976,0.724,1.278,0.268,0.093,0.056,0.045,0.04,0.028,0.013,0.012,0.011,0.012,0.578,0,0.264,4.499,0.307,0.567,0.786,2.12,-70.237,1,12.973,4.057,0.652,3.781,4.625,0,0,0,23.37,0,0,2,5,4,0,3,3,0,0,0,0,0,0,0,0,0,0,0,0,0,0,0,0,0,0,0,0,0,0,1,1,0,0,0,1,0,0,0,0,0,0,0,0,0,0,1,0,0,2,3,0,0,0,1,0,2,0,0,0,0,0,0,0,0,0,3,0,0,2,0,0,0,0,0,0,0,0,0,0,2,8,0,0,0,4,0,0,1,0,0,0,0,0,0,0,0,0,0,0,0,1,0,0,1,0,6,0,0,0,0,0,0,0,0,0,3.585,1.05,49.73,-0.334,0.111,3.072,9.435,0,1,1,0,1,0,0,1,1,0,0,1,1,0,2.55,-4.67
Meropenem ,0,7.52,0.59,1.01,2.66,0,4,5,0.094,4,0,0,25,3,5,0,0,2,0,1,0,0,0,0,0,1.696,0.228,3.796,15640,29.509,11693,1.691,1.675,3.026,5.319,47.422,3.158,0.608,0.369,0.201,1,1.251,137.241,0,0,0,0,0,0,0,20,142,5.352,1.085,7.948,0.161,0.099,0.625,0.352,0.12,0.044,3.569,-0.106,-0.135,-0.143,-0.016,0.132,0.011,-0.01,-0.13,0.137,0.029,-0.199,-0.093,-0.255,-0.152,-0.156,0.021,-0.207,0.169,0.02,-0.219,-0.258,-0.194,0.047,-0.072,0.992,1.29,1.723,1.351,1.103,1.645,0.185,0.191,0.845,1.189,1.144,0.652,0.852,0.971,1.183,1.22,0.797,0.732,1.09,1.32,0.794,0.808,0.214,0.081,0.088,0.061,0.032,0.022,0.016,0.015,0.014,0.01,0.553,0.05,0.354,4.504,0.318,0.555,0.963,3.37,-63.612,0,8.777,6.068,0.273,10.798,57.596,7.83,0,40.032,0,0,0,2,5,4,2,0,0,3,0,0,0,0,0,0,2,0,0,0,0,0,0,0,0,0,0,0,0,0,0,1,1,0,0,0,1,0,0,1,0,1,1,0,0,0,0,0,0,0,2,1,2,0,2,1,0,4,0,0,0,0,0,0,0,2,0,0,0,0,0,0,0,0,0,0,0,3,0,0,0,3,12,0,0,1,3,3,0,1,3,0,0,1,0,0,0,0,0,2,0,0,0,0,0,1,0,0,0,0,0,1,0,0,0,0,7.346,2.322,1.05,142.89,-2.959,8.755,-3.251,10.568,0,0,0,0,0,0,0,0,0,0,0,0,0,0,-0.7,-3.22
Metaclopramide ,0,7,0.58,1,2.36,0.3,1,7,0.163,1,0,6,23,3,2,1,0,0,1,0,0,0,0,0,0,1.667,0.28,4.383,5531,26.699,1922,2.418,2.03,1.865,5.146,21.971,4.826,0.561,0.346,0.164,0.833,2.228,0,75.918,0,0,0,0,10,0,0,21,5.117,1.29,17.854,0.206,0.13,0.654,0.366,0.121,0.031,2.979,-0.036,-0.071,-0.066,-0.089,0.192,-0.053,0.06,-0.23,-0.045,-0.151,0.221,-0.33,0.133,-0.204,0.074,-0.032,0.01,-0.006,-0.14,0.246,-0.571,0.211,0.098,-0.301,0.564,0.823,1.046,0.867,1.12,1.237,0.723,0.653,1.076,1.04,0.998,0.928,1.115,0.94,0.936,0.778,0.97,0.84,1.058,0.954,0.795,1.076,0.225,0.103,0.052,0.048,0.029,0.018,0.013,0.012,0.013,0.007,0.52,0.022,0.32,6.84,0.337,0.572,1,7.61,-74.281,1,14.349,10.002,0.259,11.913,14.343,0,10.962,2.475,0,0,0,2,0,0,0,2,4,1,0,0,0,0,0,1,0,0,0,0,0,0,0,0,0,1,0,0,0,0,0,1,1,0,0,0,0,0,1,0,1,0,0,0,0,0,0,0,0,0,2,0,0,0,1,4,0,0,0,0,0,0,0,0,0,0,0,1,3,0,0,0,0,0,0,0,0,1,0,0,0,0,13,0,0,0,6,0,0,0,1,0,1,0,0,0,0,0,0,1,0,0,0,0,0,1,0,0,0,1,0,0,0,0,0,0,0,3,1.977,68.79,-1.699,2.887,0.215,0.046,0,0,0,0,0,0,0,1,0,0,0,1,1,0,1.7,-4.98
Metformin ,0,5.96,0.52,1,2.65,0,0,2,0.095,2,0,0,13,5,0,0,0,0,0,0,0,0,0,0,0,1.385,0.349,2.428,206,13.533,96,3.377,2.455,1.568,1.368,7.153,4.076,0.572,0.266,0.093,0.667,1.436,0,0,0,0,0,0,0,0,0,0,0,1.139,2.686,0.248,0.169,0.654,0.328,0.113,0.037,0,-1,0.98,-1,0.95,-1,0,0,-1,0.98,-1,0.95,-1,0,0,0.95,0,0,0.98,-1,0.95,-1,0,0,0,1.8,0,1.8,0,1.8,0,0,0,1.8,0,0,0,1.8,1.8,0,0,1.8,0,1.8,0,0,0,0.375,0.111,0.063,0.053,0,0,0,0,0,0,0.602,0,0.429,9.978,0.339,0.578,0.756,3.15,-23.229,0,2.325,0.604,0.079,9.237,0,0,0,0,0,0,0,0,0,0,0,0,0,2,0,0,0,0,0,0,0,0,0,0,0,0,0,0,0,0,0,0,1,0,0,2,0,0,0,0,0,0,0,0,0,0,0,0,0,0,0,0,0,0,4,0,0,0,2,0,0,0,0,0,0,0,0,0,0,0,0,0,0,0,0,0,0,0,0,0,0,0,2,0,0,0,6,0,0,0,0,0,0,0,0,0,0,0,2,0,1,0,0,0,0,0,0,0,0,2,0,0,0,0,0,0,0,0,0,0,0,1.585,6.889,94.84,-0.329,0.108,-3.644,13.28,0,0,0,0,0,0,0,0,0,0,0,0,0,0,0.61,-0.47
Methadone ,1,6.09,0.6,0.98,2.05,0.5,2,7,0.135,1,0,12,28,1,1,0,0,0,2,0,0,0,0,0,0,1.781,0.201,2.076,6294,30.678,2714,2.333,2.497,1.812,6.184,14.48,3.536,0.571,0.354,0.194,1,1.485,0,169.079,0,0,0,0,0,0,0,20,5.537,1.33,21.34,0.179,0.107,0.641,0.361,0.113,0.035,3.06,-0.051,-0.033,-0.065,-0.112,0.05,0.02,0.085,-0.063,-0.035,-0.061,-0.114,0.066,-0.137,0.09,-0.112,0.021,0.084,-0.036,-0.059,-0.114,0.073,-0.141,0.006,0.092,0.697,0.723,1.04,1.276,1.266,1.253,0.24,0,0.971,1.238,0,0.723,1.046,1.268,0.23,0,0.822,0.728,0.935,1.217,0.385,0,0.208,0.108,0.054,0.034,0.024,0.017,0.015,0.016,0,0,0.476,0,0.245,6.607,0.263,0.562,0.819,1.56,-80.683,1,4.318,4.591,0.056,0,3.394,0,0,0,0,0,0,2,3,0,0,10,2,0,0,0,0,0,0,0,0,0,1,0,0,0,0,0,0,0,0,0,0,0,0,1,1,0,0,0,0,0,0,0,0,0,0,0,0,0,0,0,0,0,0,2,0,1,2,0,0,1,0,0,0,0,0,0,0,0,0,2,0,0,0,0,0,0,0,0,0,0,0,0,0,3,17,0,0,2,5,0,0,0,1,0,0,0,0,0,0,0,0,0,0,0,0,0,0,1,0,0,0,0,0,0,0,0,0,0,0,3.807,-0.455,21.51,0.419,0.176,2.759,7.612,0,1,1,0,1,0,1,1,1,0,0,1,1,0,0.63,-7.18
Mezlocilline,0,8.98,0.63,1.04,2.93,0.154,5,6,0.095,7,0,6,24,5,8,0,0,2,1,1,0,0,0,0,0,1.728,0.207,5.152,39245,45.865,24461,1.443,1.126,4.786,6.269,84.302,4.795,0.614,0.36,0.196,0.875,0.898,219.763,136.398,0,0,0,0,0,0,20,195,5.574,1.121,14.96,0.163,0.107,0.587,0.349,0.109,0.035,4.301,-0.004,-0.114,-0.027,0.017,0.063,-0.135,-0.023,-0.202,0.31,-0.102,-0.221,-0.019,0.066,0.049,-0.188,-0.149,0.105,0.267,-0.11,-0.201,-0.1,0.059,0.012,-0.06,1.286,1.129,0.909,0.714,0.658,0.596,0.964,1.245,0.965,1.282,0.871,0.55,0.96,0.951,1.031,0.794,1.193,0.652,0.966,1.146,0.83,1.086,0.256,0.102,0.085,0.05,0.029,0.02,0.016,0.015,0.011,0.01,0.593,2.475,0.26,3.366,0.301,0.584,0.926,5.6,-80.683,1,3.697,4.683,0.129,31.298,149.104,35.171,0,143.362,0,6.737,0,2,3,2,1,5,1,0,0,0,0,0,1,0,1,0,0,0,2,0,0,0,0,0,0,0,0,0,0,0,0,1,0,0,0,0,0,1,0,1,0,0,0,0,0,0,0,0,2,0,0,0,1,2,0,3,1,1,0,0,0,0,0,0,0,1,0,0,0,0,0,0,0,0,0,3,2,0,0,0,15,1,0,0,6,0,0,0,7,0,0,1,0,0,0,0,0,5,0,0,0,0,0,0,0,0,0,0,0,1,0,0,1,0,1.469,3.807,0.341,210.01,-0.015,0,-0.598,0.358,1,0,0,0,0,0,0,0,0,0,0,0,0,0,0.71,-2.83
Morphine ,1,6.98,0.61,1,2.14,0.24,24,0,0,1,0,6,20,1,3,0,0,1,4,0,1,3,3,3,1,2.049,0.182,0.892,27065,4.625,36235,1.652,1.556,1.918,4.447,23.573,1.265,0.619,0.398,0.238,1,0.61,18.099,98.815,32.557,107.483,125.421,0,0,0,10,387,6.188,1.244,27.027,0.147,0.086,0.577,0.32,0.099,0.031,1.586,-0.07,-0.085,0.152,-0.199,-0.143,0.44,-1.094,-0.082,-0.089,0.138,-0.206,-0.13,0.02,-1.085,-0.198,0.416,-1.094,-0.091,0.131,-0.208,-0.123,0.029,0.763,-1.076,0.713,0.8,0.746,1.108,1.164,1.77,1.561,3.749,0.751,1.115,3.617,0.799,0.746,1.164,1.581,3.76,0.767,0.813,0.753,1.117,1.295,3.54,0.2,0.103,0.054,0.055,0.031,0.026,0.029,0,0,0,0.499,0,0.332,3.566,0.293,0.609,0.969,2.88,-75.71,0.927,3.375,4.818,0.128,0,7.13,0,0,8.676,0,0,0,0,5,5,1,2,4,0,0,0,0,0,0,0,0,0,0,0,0,0,0,0,0,0,0,0,0,0,0,1,1,0,1,0,1,0,1,0,0,0,0,0,0,0,0,0,0,0,0,2,1,1,1,1,0,3,0,0,0,0,2,0,0,0,0,2,2,0,0,0,0,0,0,0,0,0,0,0,0,0,12,0,0,0,5,0,0,1,0,0,1,0,0,0,0,0,0,0,0,0,0,0,0,1,0,0,0,0,0,0,0,0,0,0,0,3,1.015,54.13,-1.753,3.073,-0.174,0.03,0,0,0,0,0,0,0,1,0,0,0,1,0,0,-0.77,-3.51
Naloxone ,1,7.14,0.62,1,2.32,0.214,24,2,0.04,2,0,6,22,1,4,0,0,1,4,0,1,3,3,3,1,1.973,0.18,1.326,37235,8.821,49168,1.638,1.501,2.214,5.849,38.247,1.513,0.61,0.398,0.24,1,1.004,22.777,122.437,39.767,133.516,153.798,0,0,0,10,479,6.239,1.225,28.084,0.145,0.085,0.568,0.318,0.096,0.03,2.582,-0.059,-0.126,0.062,-0.129,-0.023,0.148,-0.318,-0.07,-0.133,0.061,-0.137,-0.019,0.131,-0.312,-0.128,0.142,-0.319,-0.137,0.06,-0.141,-0.017,0.134,0.237,-0.307,0.694,0.881,0.888,1.105,1.039,1.266,0.69,1.447,0.89,1.109,1.408,0.879,0.888,1.039,0.695,1.45,0.741,0.906,0.891,1.11,0.617,1.386,0.214,0.121,0.06,0.059,0.031,0.023,0.022,0.019,0.012,0,0.562,0.002,0.298,3.536,0.311,0.619,0.917,4,-75.618,0.913,5.463,3.936,0.16,0,10.107,0,0,18.364,0,0,0,0,6,6,1,2,4,0,1,0,0,0,0,0,0,0,1,0,0,0,0,0,0,0,0,0,0,0,0,1,1,0,1,0,0,1,1,0,0,0,0,0,0,0,0,0,0,0,1,4,0,1,0,2,0,2,0,1,0,1,1,0,0,0,0,2,2,0,0,0,0,0,0,0,0,0,0,0,0,0,11,0,0,2,6,0,0,1,1,0,1,0,0,0,0,0,0,0,0,0,0,0,0,1,0,0,0,0,0,0,0,0,0,0,0,3.17,0.957,71.2,-2.157,4.651,-0.166,0.027,0,0,0,0,0,0,0,1,0,0,0,1,0,0,1.26,-3.87
Nicotine ,1,6.05,0.59,0.98,1.85,0.462,2,1,0.036,0,0,6,15,2,0,0,0,1,1,0,0,0,0,0,0,2,0.282,2.049,1592,6.454,917,1.886,1.859,0.64,1.15,3.269,1.513,0.564,0.334,0.184,1,0.597,28.853,33.68,0,0,0,0,0,0,10,6,4.286,1.303,12.626,0.19,0.127,0.628,0.367,0.135,0.044,0,-0.262,-0.153,-0.143,0.418,-0.4,0,0,-0.262,-0.153,-0.143,0.418,-0.4,0.2,0,0.418,0,0,-0.153,-0.143,0.418,-0.4,0.2,0,0,1.269,0.971,0.943,0.6,1.65,0,0,0,0.943,0.6,0,0.971,0.943,1.65,0,0,1.269,0.971,0.943,0.6,0,0,0.115,0.078,0.049,0.026,0.018,0.021,0,0,0,0,0.308,0,0.35,4.716,0.324,0.595,0.861,3.31,-61.532,1,3.663,3.196,0.06,2.548,0,0,0,0,0,0,0,0,3,3,0,0,0,0,0,0,0,0,0,0,0,0,0,0,0,0,0,0,0,0,0,0,0,0,0,1,1,0,0,0,0,0,0,0,0,0,1,0,0,0,0,1,0,0,1,2,0,0,1,1,0,1,0,0,0,0,0,0,0,0,0,1,0,2,0,0,0,0,0,0,0,0,0,0,0,0,8,0,2,0,4,0,0,0,0,0,0,0,0,0,0,0,0,0,0,0,1,0,0,1,0,0,0,0,0,0,0,0,0,0,0,2.807,-0.244,17.33,-2.412,5.815,-0.318,0.101,0,0,0,0,0,0,0,0,0,0,0,0,0,0,-1.76,-3.31
Oseltamivir ,0,6.15,0.55,1,2.4,0,1,8,0.157,3,0,0,29,2,4,0,0,0,1,0,0,0,0,0,0,1.65,0.239,2.61,6455,30.618,2443,2.795,2.085,1.99,4.982,30.395,5.584,0.558,0.321,0.171,1,1.882,0,82.605,0,0,0,0,0,0,0,19,4.585,1.097,6.083,0.191,0.121,0.652,0.374,0.115,0.035,3.401,-0.169,-0.042,-0.182,-0.194,0.417,-0.376,0.014,-0.178,-0.052,-0.162,-0.192,0.418,0.029,-0.016,-0.194,-0.374,0.017,-0.058,-0.15,-0.191,0.415,0.035,-0.393,-0.03,0.958,1.023,1.097,1.088,0.643,0.753,1.374,1.515,1.088,1.091,1.469,1.022,1.098,0.643,1.373,1.518,0.975,1.043,1.083,1.092,1.375,1.441,0.25,0.084,0.051,0.05,0.026,0.028,0.018,0.006,0.011,0,0.525,0.002,0.297,8.852,0.299,0.545,0.844,3.08,-63.612,0,4.458,1.951,0.142,1.65,19.466,0,0,17.614,0,0,0,4,7,4,0,0,0,3,0,1,0,0,1,0,0,0,0,0,0,0,0,0,0,0,0,0,0,0,0,1,1,0,0,0,0,0,0,0,0,0,0,0,0,0,0,0,0,0,3,3,0,0,0,1,0,4,0,0,0,0,1,1,0,0,0,0,0,0,0,0,0,0,0,0,0,2,0,0,0,6,7,0,0,3,9,0,0,0,2,1,1,0,0,0,0,0,0,1,0,0,0,0,0,1,0,0,0,0,0,0,0,0,0,0,0,2,1.87,92.27,-2.783,7.747,0.041,0.002,0,0,0,0,0,0,0,1,0,0,0,1,1,0,-0.19,-3.61
Ouabain ,0,6.88,0.57,1.02,2.63,0,12,4,0.044,2,0,0,44,0,12,0,0,2,4,0,0,1,2,0,0,1.796,0.186,3.781,134813,26.411,180066,1.267,1.034,2.925,6.397,105.142,4.034,0.625,0.405,0.218,1,0.771,161.659,344.545,0,122.491,252.634,0,0,0,20,636,5.737,1.044,8.604,0.157,0.096,0.573,0.323,0.105,0.035,4.397,-0.047,-0.017,-0.006,0.039,-0.102,-0.099,-0.013,-0.047,-0.017,-0.006,0.039,-0.102,0.039,-0.013,0.039,-0.099,-0.013,-0.017,-0.006,0.039,-0.102,0.039,-0.099,-0.013,0.768,0.806,0.877,0.912,1.063,0.949,1.107,1.01,0.877,0.912,1.01,0.806,0.877,1.063,1.107,1.01,0.768,0.806,0.877,0.912,1.107,1.01,0.283,0.132,0.076,0.058,0.036,0.027,0.019,0.016,0.011,0.011,0.668,2.364,0.227,3.708,0.267,0.557,0.952,5.62,-63.612,0,1.29,2.697,0.136,0,0,0,0,270.992,0,0,0,3,14,14,5,0,0,3,0,1,0,0,0,0,0,0,0,0,0,0,0,0,0,0,0,0,0,0,0,0,0,0,0,1,5,2,0,0,0,0,0,0,0,0,0,0,0,0,4,7,3,2,0,2,0,7,1,2,0,0,1,1,0,0,0,0,0,0,0,0,0,0,0,0,0,1,0,0,0,8,12,1,0,0,11,4,0,8,1,2,1,0,0,0,0,0,0,0,0,0,0,0,0,0,0,0,0,0,0,0,0,0,0,0,-999,1.585,4.601,206.6,-0.605,0.366,-2.171,4.713,1,0,0,0,0,0,0,0,0,0,0,0,0,0,-1.03,-2.1
PCB_52 ,1,13.27,0.81,1.03,2.4,0.706,2,1,0.043,0,0,12,6,0,0,4,0,0,2,0,0,0,0,0,0,1.778,0.247,2.231,3770,11.18,1969,2.024,2.737,1.075,1.984,15.186,2.653,0.591,0.339,0.179,0.75,0.75,0,95.52,0,0,0,0,0,34,0,18,5.602,1.517,28.702,0.186,0.114,0.687,0.353,0.109,0.038,2.81,0.02,-0.111,-0.222,-0.333,0.193,0.333,0,1,1,1,1,1,1,0,-0.333,0.333,0,-0.111,-0.222,-0.333,0.193,0.111,0.333,0,0.588,0.833,1.042,1.25,1.053,1.25,1.25,0,0,0,0,0.833,1.042,1.053,1.25,0,0.588,0.833,1.042,1.25,1.25,0,0.235,0.093,0.052,0.061,0.025,0.02,0.014,0,0,0,0.5,0,0.357,3.667,0.362,0.626,0.75,1.76,-80.683,1,0.001,0.002,0,0,0,0,0,0,0,0,0,0,0,0,0,6,6,0,0,0,0,0,0,0,0,0,0,0,0,0,0,0,0,0,0,0,0,0,0,0,0,0,0,0,0,0,0,0,4,0,0,0,0,0,0,0,0,0,0,0,0,0,0,0,0,0,0,0,0,0,0,0,0,0,0,2,4,0,0,0,0,0,0,0,0,0,0,0,0,0,6,0,0,0,0,0,0,0,0,0,0,0,0,0,0,0,0,0,0,0,0,0,0,0,0,0,0,4,0,0,0,0,0,0,-999,3.7,-0.734,0,5.989,35.867,6.006,36.072,0,0,0,0,0,0,0,0,0,0,0,0,0,0,6.24,-6.95
Pentamidine,0,6.72,0.6,1,2.26,0.462,2,10,0.192,2,0,12,26,4,2,0,0,0,2,0,0,0,0,0,0,1.852,0.345,7.533,16827,29.035,6582,1.394,1.115,1.356,2.183,20.927,6.758,0.564,0.308,0.143,1,0.9,0,202.461,0,0,0,0,0,0,0,32,5.43,1.343,31.109,0.208,0.139,0.582,0.324,0.099,0.03,3.012,-0.12,-0.081,-0.259,-0.271,-0.237,-0.106,-0.327,-0.114,-0.036,-0.268,-0.294,-0.237,1.236,-0.331,-0.269,-0.104,-0.326,-0.012,-0.269,-0.302,-0.234,1.221,-0.117,-0.329,0.977,1.078,1.271,1.221,1.271,0.266,0.848,1.495,1.243,1.242,1.427,1.086,1.273,1.276,0.846,1.501,0.91,0.96,1.228,1.25,0.868,1.392,0.173,0.074,0.027,0.031,0.03,0.013,0.01,0.007,0.008,0.007,0.379,4.993,0.29,4.006,0.356,0.599,0.964,20.09,-73.501,1,0.664,1.018,0.007,43.011,46.158,0,0,4.287,0,0,0,0,3,0,0,8,4,2,0,0,0,0,0,0,0,0,0,0,0,0,0,0,0,0,0,0,0,0,0,2,0,0,0,0,0,0,2,0,0,0,0,0,0,0,0,0,0,0,0,3,0,0,0,2,0,0,0,0,0,0,0,0,0,0,0,2,2,0,0,0,0,0,0,0,0,2,0,0,0,2,12,0,0,0,4,0,0,0,0,0,2,0,2,0,0,0,0,0,0,0,0,0,0,2,0,0,0,0,0,0,0,0,0,0,0,3.907,5.343,121.68,2.256,5.088,-0.77,0.592,0,0,0,0,0,0,0,0,0,0,0,1,0,0,0.1,-5.91
Phenobarbitone,1,8.01,0.64,1.02,2.79,0.333,2,2,0.067,3,0,6,12,2,3,0,0,0,2,0,0,0,0,0,0,1.774,0.226,1.861,3677,13.756,1899,2.204,2.155,2.56,4.976,28.013,1.696,0.585,0.381,0.217,1,0.972,0,105.978,0,0,0,0,0,0,0,16,5.042,1.29,16.091,0.171,0.12,0.548,0.296,0.082,0.023,1.54,-0.067,0.342,-0.288,0.26,-0.327,-0.674,-1.195,-0.087,0.425,-0.303,0.229,-0.347,-0.586,-1.172,0.262,-0.676,-1.196,0.46,-0.308,0.212,-0.355,-0.59,-0.635,-1.152,0.695,0.42,1.16,0.97,1.216,1.719,2.083,3.125,1.172,0.977,2.943,0.426,1.158,1.214,2.094,3.141,0.771,0.364,1.175,0.981,1.892,2.838,0.25,0.111,0.077,0.037,0.029,0.028,0.016,0.02,0,0,0.568,0,0.297,4.875,0.327,0.581,0.738,2.42,-80.683,1,5.308,2.835,0.208,0,4.95,0,0,8.574,0,0,0,1,1,0,0,5,1,0,0,0,0,0,0,0,0,0,0,0,1,0,0,0,0,0,0,0,0,0,0,0,0,2,0,0,0,0,0,0,0,0,0,0,0,0,0,0,0,0,0,1,0,1,0,0,0,0,0,0,0,0,0,0,0,0,0,1,0,0,0,0,0,0,0,0,0,2,1,0,0,5,5,0,0,0,0,0,0,0,3,0,0,0,0,0,0,0,0,2,0,0,0,0,0,0,0,0,0,0,0,0,0,0,0,0,-999,3.322,0.468,75.27,0.779,0.607,1.321,1.744,0,0,0,0,0,0,0,1,0,1,1,1,0,0,1.4,-2.93
Phenytoin,1,8.14,0.68,1.01,2.47,0.571,3,2,0.061,2,0,12,12,2,2,0,0,1,2,0,0,0,0,0,0,1.983,0.215,1.935,5346,13.226,3013,1.849,1.959,2.389,5.313,20.272,1.783,0.577,0.358,0.22,1,0.565,48.54,117.901,0,0,0,0,0,0,10,28,5.602,1.348,21.428,0.165,0.108,0.531,0.285,0.076,0.022,2.037,-0.048,0.362,-0.059,-0.021,-0.309,-0.26,0.234,-0.063,0.426,-0.057,-0.067,-0.322,-0.338,0.25,-0.016,-0.261,0.232,0.451,-0.057,-0.088,-0.326,-0.334,-0.224,0.256,0.635,0.407,0.937,1.077,1.406,1.603,1.479,0,0.946,1.118,0,0.409,0.936,1.407,1.492,0,0.711,0.407,0.951,1.137,1.279,0,0.19,0.089,0.069,0.03,0.018,0.016,0.017,0,0,0,0.429,0,0.267,3.931,0.311,0.586,0.676,1.36,-80.683,1,4.233,0.91,0.207,0,2.135,0,0,2.904,0,0,0,0,0,0,1,10,2,0,0,0,0,0,0,0,0,0,0,0,1,0,0,0,0,0,0,0,0,0,0,0,0,1,0,0,0,0,0,0,0,0,0,0,0,0,0,0,0,0,0,0,0,0,0,0,0,0,0,1,0,0,0,0,0,0,0,2,0,0,0,0,0,0,0,0,0,1,1,0,0,0,10,0,0,0,0,0,0,0,2,0,0,0,0,0,0,0,0,2,0,0,0,0,0,0,0,0,0,0,0,0,0,0,0,0,-999,3.907,0.341,58.2,1.795,3.221,2.105,4.431,0,0,1,0,0,0,0,1,0,1,1,1,0,1,2.26,-3.55
Prednisolone ,0,6.68,0.59,1,2.5,0,10,2,0.035,4,0,0,28,0,5,0,0,1,3,0,0,1,2,0,0,1.783,0.196,2.111,38213,14.079,27609,1.677,1.643,2.812,5.35,47.858,2.178,0.623,0.405,0.215,1,1.052,37.415,125.669,0,61.884,139.176,0,0,0,10,291,5.537,1.142,16.496,0.158,0.095,0.594,0.333,0.113,0.039,3.386,0.025,-0.02,0.1,-0.078,-0.169,0.104,-0.417,0.025,-0.02,0.1,-0.078,-0.169,-0.043,-0.417,-0.078,0.104,-0.417,-0.02,0.1,-0.078,-0.169,-0.043,0.104,-0.417,0.534,0.645,0.682,0.974,1.253,1.032,1.161,1.639,0.682,0.974,1.639,0.645,0.682,1.253,1.161,1.639,0.534,0.645,0.682,0.974,1.161,1.639,0.293,0.144,0.074,0.058,0.035,0.032,0.02,0.017,0.011,0.011,0.695,0.038,0.286,4.458,0.287,0.577,0.921,5.95,-70.44,0,2.398,4.068,0.087,0,0,0,0,41.205,0,0,0,3,6,6,4,0,0,5,0,0,0,0,0,0,0,0,2,0,0,0,0,0,0,0,0,0,0,0,0,0,0,0,0,1,1,1,0,0,0,0,0,0,0,0,0,0,0,0,2,5,3,2,0,1,0,1,0,1,0,0,3,1,0,0,0,0,0,0,0,0,0,0,0,0,0,0,0,0,0,14,6,0,0,0,5,0,0,3,2,0,0,0,0,0,0,0,0,0,0,0,0,0,0,0,0,0,0,0,0,0,0,0,0,0,-999,2.322,0.898,94.83,1.528,2.334,1.194,1.425,0,0,0,0,0,0,0,1,1,0,0,1,1,0,1.66,-3.18
Propofol,1,5.75,0.58,0.98,2.13,0.462,1,2,0.065,0,0,6,18,0,1,0,0,0,1,0,0,0,0,0,0,1.592,0.265,1.856,1368,12.903,611,2.6,3.006,1.188,3.93,8.667,2.101,0.589,0.346,0.173,1,1.23,0,42.762,0,0,0,0,0,0,0,0,4.616,1.256,9.247,0.188,0.133,0.68,0.373,0.106,0.035,0,0,-0.037,-0.145,-0.255,0.083,0,0,0,-0.037,-0.145,-0.255,0.083,0.083,0,-0.255,0,0,-0.037,-0.145,-0.255,0.083,0.083,0,0,0.5,0.722,1.368,2.031,0,0,0,0,1.368,2.031,0,0.722,1.368,0,0,0,0.5,0.722,1.368,2.031,0,0,0.231,0.111,0.076,0.041,0.059,0,0,0,0,0,0.517,0,0.39,6.92,0.307,0.569,0.921,2.35,-80.683,1,0.878,2.297,0.031,0,0,0,0,0,0,0,0,4,0,0,0,3,3,0,0,0,0,0,0,0,0,0,0,0,0,0,0,0,0,0,0,0,0,0,0,0,0,0,1,0,0,0,0,0,0,0,0,0,0,0,0,0,0,0,0,0,2,0,0,0,0,0,0,0,0,0,0,0,0,0,0,2,1,0,0,0,0,0,0,0,0,0,0,0,0,14,3,0,0,0,0,0,0,0,0,0,0,0,0,0,0,0,0,0,0,0,0,0,0,0,0,0,0,0,0,0,0,0,0,0,-999,2.807,-0.352,20.23,3.386,11.463,3.951,15.61,0,0,0,0,0,0,0,0,0,0,0,0,0,0,3.81,-3.05
Pyridoxal ,0,7.96,0.62,1.03,3.01,0.5,1,2,0.095,1,0,6,9,1,3,0,0,0,1,0,0,0,0,0,0,1.636,0.269,1.244,1105,10.441,506,2.58,2.745,1.823,3.46,20.618,1.522,0.567,0.373,0.19,1,1.258,0,38.248,0,0,0,0,0,0,0,0,4.691,1.38,12.946,0.198,0.131,0.551,0.287,0.078,0.022,0,-0.066,-0.082,-0.221,-0.249,0.739,0,0,-0.082,-0.103,-0.208,-0.236,0.757,-1.102,0,-0.251,0,0,-0.113,-0.201,-0.229,0.762,-1.092,0,0,0.72,0.733,1.062,1.423,0.925,2.467,0,0,1.054,1.388,0,0.729,1.063,0.932,0,0,0.773,0.796,1.05,1.369,0,0,0.208,0.125,0.063,0.065,0.03,0,0,0,0,0,0.491,0,0.371,5.171,0.369,0.608,0.818,2.43,-59.918,1,2.089,1.407,0.166,0,8.016,0,0,6.275,0,0,0,2,0,0,0,0,0,1,0,0,0,0,0,0,0,0,0,0,0,0,0,0,0,0,0,0,0,0,0,0,0,0,1,1,0,0,0,0,0,0,0,0,0,0,0,1,0,0,1,0,0,0,0,1,0,0,0,0,0,0,0,0,0,0,0,2,1,1,1,0,0,0,0,0,1,0,0,0,0,0,2,0,2,3,0,0,0,1,1,0,0,0,0,0,0,0,0,0,0,0,1,0,0,0,0,0,0,0,0,0,0,0,0,0,-999,3,0.671,70.42,-0.035,0.001,-0.15,0.023,0,0,0,0,0,0,0,0,0,0,0,0,0,0,0.02,-1.16
Pyridoxal_5_phosphate ,0,10.21,0.64,1.07,3.47,0.375,1,4,0.167,2,0,6,8,1,6,0,0,0,1,0,0,0,0,0,0,1.587,0.271,2.97,2673,18.677,1074,2.518,2.371,5.919,3.656,35.973,3.305,0.595,0.313,0.147,1,1.656,0,56.51,0,0,0,12,0,0,0,4,4.977,1.35,16.511,0.196,0.125,0.567,0.345,0.091,0.028,2.903,0.379,0.057,-0.026,-0.26,-0.386,-0.225,-0.16,-0.413,0.455,-0.16,-0.197,-0.117,-0.563,-0.933,-0.235,0.732,-0.982,0.255,-0.055,0.016,0.017,-0.434,0.544,-0.376,1.34,0.426,0.543,1.109,1.709,1.613,0.917,0.359,0.923,1.103,1.836,0.402,0.95,1.154,0.593,1.935,2.047,0.339,0.571,0.854,0.575,0.846,0.313,0.106,0.057,0.06,0.04,0.03,0.018,0,0,0,0.623,0,0.336,5.325,0.392,0.601,0.888,5.25,-59.918,1,8.489,2.5,0.387,0,18.562,0,0,29.964,0,0,0,1,0,0,0,0,0,1,0,0,0,0,0,0,0,0,0,0,0,0,0,0,0,0,0,0,0,0,0,0,0,0,1,0,0,0,0,0,0,0,0,0,0,0,0,1,0,0,1,0,0,0,0,1,0,0,0,0,0,0,0,0,0,0,0,2,1,1,1,0,0,0,0,0,1,0,0,0,0,0,2,0,2,3,0,0,0,0,2,1,0,2,0,0,0,0,0,0,0,0,1,0,0,0,0,0,0,0,0,0,0,0,0,1,2.938,3.17,0.015,132.42,-0.004,0,-1.628,2.652,0,0,0,0,0,0,0,0,0,0,0,0,0,0,-0.3,-0.98
Pyridoxine ,1,7.36,0.59,1.02,2.89,0.5,1,2,0.087,0,0,6,11,1,3,0,0,0,1,0,0,0,0,0,0,1.636,0.269,1.244,1105,10.441,506,2.58,2.611,1.787,3.376,19.743,1.636,0.567,0.373,0.19,1,1.258,0,38.248,0,0,0,0,0,0,0,0,4.594,1.326,11.112,0.198,0.131,0.565,0.299,0.084,0.023,0,-0.066,-0.082,-0.221,-0.249,0.739,0,0,-0.082,-0.103,-0.208,-0.236,0.757,-1.102,0,-0.251,0,0,-0.113,-0.201,-0.229,0.762,-1.092,0,0,0.72,0.733,1.062,1.423,0.925,2.467,0,0,1.054,1.388,0,0.729,1.063,0.932,0,0,0.773,0.796,1.05,1.369,0,0,0.208,0.125,0.063,0.065,0.03,0,0,0,0,0,0.491,0,0.371,5.539,0.353,0.601,0.818,2.4,-61.532,1,0.394,3.962,0.101,0,8.016,0,0,6.275,0,0,0,3,0,0,0,0,0,0,0,0,0,0,0,0,0,0,0,0,0,0,0,0,0,0,0,0,0,0,0,0,0,0,1,2,0,0,0,0,0,0,0,0,0,0,0,1,0,0,1,0,0,0,0,2,0,0,0,0,0,0,0,0,0,0,0,2,1,1,1,0,0,0,0,0,0,0,0,0,0,0,4,0,1,3,0,0,0,2,0,0,0,0,0,0,0,0,0,0,0,0,1,0,0,0,0,0,0,0,0,0,0,0,0,0,-999,2.807,1.555,73.58,-0.724,0.524,-0.514,0.265,0,0,0,0,0,0,0,0,0,0,0,0,0,0,-0.57,-1.02
Pyrimethamine  ,1,8.29,0.66,1,2.33,0.667,2,2,0.065,0,0,12,13,4,0,1,0,0,2,0,0,0,0,0,0,1.789,0.25,2.248,4244,13.009,2252,2.008,2.336,1.461,1.904,14.857,2.443,0.579,0.342,0.193,0.8,0.972,0,105.02,0,0,0,0,0,0,0,22,5.725,1.487,28.415,0.182,0.119,0.6,0.315,0.086,0.025,2.924,-0.007,-0.04,-0.045,-0.007,-0.027,-0.1,-0.895,-0.128,0.569,-0.195,0.008,-0.381,-0.237,-0.128,-0.08,0.869,-1.286,0.519,-0.124,0.056,-0.265,-0.101,-1.183,0.26,0.502,0.703,0.691,0.387,0.489,1.47,3.817,5.797,1.006,1.09,0.872,0.625,0.98,1.103,1.244,3.563,0.761,0.412,0.889,0.928,2.791,1.291,0.222,0.08,0.067,0.049,0.025,0.035,0.015,0.022,0,0,0.517,0,0.34,4.441,0.343,0.589,0.888,3.86,-63.005,1,5.751,4.553,0.056,5.333,0,0,18.557,0,0,0,0,1,1,0,0,4,2,0,0,0,0,0,0,0,0,0,0,0,0,0,0,0,0,2,0,0,0,0,0,0,0,0,0,0,0,0,0,0,1,0,0,0,0,0,0,0,0,0,0,1,0,0,0,0,0,0,0,0,0,0,0,0,0,0,0,2,1,0,1,1,0,1,0,0,0,0,0,0,0,3,4,0,0,2,0,0,0,0,0,0,0,0,0,0,0,0,0,0,0,0,2,0,0,0,0,0,0,1,0,0,0,0,0,0,-999,3.7,2.12,77.82,3.048,9.293,2.751,7.565,0,1,1,0,0,0,0,1,0,1,1,1,0,1,2.62,-3.14
Riboflavine,1,9.09,0.62,1.05,3.1,0.182,6,7,0.135,5,0,6,19,4,9,0,0,0,3,0,0,0,2,0,0,1.699,0.211,4.59,44762,32.409,21720,1.743,1.468,6.197,5.229,70.948,5.064,0.611,0.334,0.164,0.857,1.805,0,207.955,0,0,238.272,37,0,0,0,189,6.229,1.386,48.378,0.179,0.106,0.555,0.314,0.084,0.022,4.162,0.401,0.063,0.024,0.078,0.057,-0.012,-0.193,-0.323,0.292,0.082,0.081,0.02,-0.086,-0.043,0.094,-0.095,-0.102,0.196,0.063,0.009,-0.026,-0.083,-0.082,0.081,1.194,0.413,0.436,0.615,0.633,0.684,0.513,1.058,0.706,0.755,1.074,0.533,0.681,0.858,1.125,1.147,1.766,0.435,0.518,0.727,0.811,0.884,0.288,0.093,0.048,0.056,0.028,0.027,0.016,0.015,0.012,0.011,0.593,0.356,0.282,4.063,0.323,0.587,0.967,3.6,-56.951,1,9.841,5.194,0.496,8.491,135.393,0,0,113.728,0,0,0,2,3,0,0,2,4,4,0,0,0,0,0,0,0,0,0,0,0,1,0,1,0,0,0,0,0,1,0,0,0,1,0,0,3,0,0,0,0,0,0,0,0,0,0,0,0,0,3,0,0,0,0,2,0,3,0,0,0,0,0,0,0,0,0,2,2,0,0,0,0,0,0,0,0,2,1,0,0,6,9,0,0,0,0,0,0,3,3,1,0,2,0,0,0,0,1,1,0,2,0,0,0,0,0,0,0,0,0,0,0,0,0,1,2.938,3.585,1.791,223.56,-0.617,0.381,-1.253,1.569,0,0,0,0,0,0,0,0,0,0,0,1,0,0,-0.81,-2.38
Rifabutin ,0,6.84,0.59,1,2.41,0.091,11,19,0.147,9,0,6,63,4,11,0,0,2,3,0,0,2,1,0,0,1.743,0.153,3.364,757109,33.549,862393,1.337,1.162,3.214,7.713,116.694,8.889,0.606,0.365,0.187,0.75,0.992,156.591,309.435,0,281.189,153.032,0,0,0,20,853,7.004,1.35,107.417,0.172,0.101,0.611,0.326,0.096,0.026,5.114,-0.116,-0.043,-0.138,0.115,-0.165,-0.125,0.057,-0.129,-0.051,-0.145,0.115,-0.154,0.188,0.055,0.115,-0.125,0.057,-0.054,-0.148,0.116,-0.149,0.183,-0.124,0.053,0.85,0.893,1.081,0.806,1.196,0.881,1.154,0.954,1.098,0.812,0.947,0.891,1.08,1.196,1.153,0.954,0.894,0.932,1.106,0.815,1.154,0.943,0.242,0.097,0.059,0.051,0.032,0.024,0.017,0.013,0.01,0.008,0.553,5.685,0.182,3.625,0.242,0.578,0.847,2.41,-62.389,0.83,1.331,2.231,0.069,11.067,213.954,0,0,289.654,0,0,0,10,8,4,0,0,6,10,0,1,0,0,1,0,0,0,0,2,0,0,0,0,1,0,1,0,0,0,0,1,1,0,1,0,2,0,1,0,0,0,0,0,0,0,0,0,0,0,4,2,5,0,1,3,0,4,0,0,2,0,4,1,1,2,0,4,2,0,0,0,0,0,0,0,0,2,0,0,0,24,17,1,0,3,2,6,4,2,4,2,2,0,0,1,0,0,0,1,0,1,0,0,0,1,0,0,0,0,0,0,0,0,0,0,0,4,2.556,206.75,-1.42,2.015,2.159,4.663,1,0,0,0,0,0,0,0,0,0,0,0,0,0,3.22,-5.4
Rifampicin ,0,6.98,0.59,1.01,2.51,0.095,15,5,0.041,9,0,6,59,4,12,0,0,1,3,0,0,1,1,0,0,1.723,0.156,3.487,597097,34.672,409467,1.479,1.265,3.31,7.686,119.731,9.405,0.602,0.368,0.185,0.75,0.887,81.538,340.761,0,148.569,171.466,0,0,0,10,535,6.845,1.399,112.008,0.179,0.105,0.602,0.32,0.094,0.025,5.053,-0.115,-0.064,-0.159,0.061,-0.114,-0.094,0.114,-0.119,-0.073,-0.159,0.066,-0.11,0.169,0.129,0.061,-0.095,0.113,-0.077,-0.158,0.068,-0.108,0.159,-0.084,0.136,0.856,0.925,1.114,0.911,1.204,0.885,1.087,0.851,1.111,0.904,0.841,0.923,1.114,1.205,1.087,0.852,0.892,0.946,1.108,0.9,1.083,0.837,0.222,0.104,0.058,0.05,0.033,0.022,0.015,0.013,0.01,0.008,0.535,1.158,0.177,4.625,0.224,0.551,0.727,1.29,-67.811,0.965,7.196,7.5,0.134,12.796,209.11,0,0,313.505,0,0,0,8,5,5,4,0,6,11,0,1,0,0,1,0,0,0,0,2,0,0,0,0,0,0,0,0,0,0,1,1,1,0,1,0,2,0,1,0,0,0,0,0,0,0,0,0,0,0,6,0,4,0,2,4,0,4,0,0,1,0,4,2,2,2,0,4,2,0,0,0,0,0,0,0,0,2,0,0,0,18,22,2,0,3,1,6,0,2,4,2,2,0,0,1,1,0,0,1,0,0,0,0,0,1,0,0,0,0,0,0,0,0,0,0,0,4,3.345,217.86,-3.117,9.716,0.064,0.004,1,0,0,0,0,0,0,0,0,0,0,0,0,0,1.07,-4.99
Ritodrine ,0,6.71,0.6,1,2.4,0.545,2,6,0.136,0,0,12,22,1,3,0,0,0,2,0,0,0,0,0,0,1.826,0.303,5.243,8158,22.489,3444,1.609,1.522,1.898,4.268,21.712,4.653,0.577,0.322,0.147,1,0.665,0,160.136,0,0,0,0,0,0,0,30,5.028,1.384,28.309,0.209,0.132,0.583,0.332,0.113,0.037,3.001,-0.02,-0.121,-0.086,-0.219,-0.196,0.22,-0.131,-0.027,-0.13,-0.067,-0.242,-0.222,0.193,-0.123,-0.217,0.211,-0.132,-0.134,-0.057,-0.252,-0.234,0.18,0.341,-0.119,0.597,0.873,1.038,1.072,0.987,0.729,0.771,1,1.023,1.13,0.964,0.871,1.039,0.981,0.779,1.003,0.635,0.905,1.017,1.161,0.665,0.944,0.205,0.092,0.04,0.042,0.026,0.02,0.013,0.011,0.005,0.007,0.462,0.323,0.319,4.74,0.346,0.59,0.97,11.76,-80.683,1,0.972,1.664,0.036,0,10.836,0,0,18.584,0,0,0,1,3,0,0,8,4,0,0,0,0,0,0,0,0,0,0,0,0,0,0,0,0,0,0,0,0,0,0,1,1,0,2,0,1,0,0,0,0,0,0,0,0,0,0,0,0,0,2,1,0,0,0,1,0,2,0,0,0,0,0,0,0,0,0,2,2,0,0,0,0,0,0,0,0,0,0,0,0,0,12,0,0,0,5,0,0,1,0,0,0,0,0,0,0,0,0,0,0,0,0,0,0,1,0,0,0,0,0,0,0,0,0,0,0,3.7,2.705,77.3,-1.529,2.339,1.374,1.887,0,1,0,0,0,0,0,1,1,1,0,1,1,0,-0.97,-4.06
Ritonavir ,0,7.36,0.61,1,2.29,0.415,4,18,0.178,3,0,22,48,6,5,0,0,2,2,0,0,0,0,0,0,1.852,0.202,7.346,91864,82.241,26481,1.387,1.119,2.382,6.867,61.554,13.119,0.576,0.322,0.164,1,0.744,391.79,448.244,0,0,0,0,0,0,20,152,5.663,1.265,41.951,0.196,0.127,0.618,0.35,0.119,0.037,4.642,-0.091,-0.009,-0.008,-0.016,0.037,-0.04,-0.027,-0.119,0.284,-0.077,-0.238,0.165,-0.188,-0.169,-0.242,-0.108,-0.182,0.152,-0.06,-0.159,0.071,-0.176,0.005,-0.11,1.01,1.027,0.754,0.455,0.639,0.492,0.549,0.728,1.102,1.395,1.203,0.573,1.097,1.127,1.251,1.238,0.844,0.808,0.995,1.053,0.859,1.017,0.208,0.066,0.046,0.039,0.02,0.018,0.012,0.008,0.009,0.006,0.432,4.994,0.177,4.625,0.266,0.517,0.924,2.27,-67.804,1,4.946,2.999,0.081,62.786,97.191,47.482,0,29.156,0,4.702,0,4,7,0,0,10,2,0,0,0,0,0,1,0,0,1,0,0,1,0,0,0,0,0,0,0,0,0,0,0,0,0,0,0,1,0,0,0,0,0,0,0,0,0,2,0,0,0,4,3,2,0,1,2,0,4,0,0,0,0,0,0,0,0,0,2,0,1,1,0,0,0,1,1,0,1,2,1,0,12,21,1,2,1,5,2,0,1,3,0,1,0,0,0,0,0,0,4,0,0,2,0,0,0,0,0,0,0,0,2,0,0,0,0,-999,4.7,1.317,202.26,1.524,2.324,5.512,30.377,1,0,0,0,0,0,0,0,0,0,0,0,0,0,4.41,-5.76
Ropivacaine ,1,5.86,0.57,0.98,2.01,0.286,2,4,0.083,1,0,6,27,2,1,0,0,0,2,0,0,0,0,0,0,1.818,0.251,3.638,7882,18.972,3376,1.925,1.627,1.467,5.625,13.517,3.691,0.566,0.341,0.188,1,1.113,0,135.513,0,0,0,0,0,0,0,35,4.836,1.286,20.872,0.188,0.126,0.652,0.381,0.129,0.048,3.004,-0.103,0.099,0.129,-0.274,-0.359,0.113,0.154,-0.124,0.09,0.155,-0.277,-0.356,-0.194,0.166,-0.273,0.113,0.153,0.082,0.165,-0.277,-0.351,-0.2,0.118,0.17,0.784,0.784,0.975,1.691,2.13,1.131,0.096,0,1.01,1.601,0,0.776,0.971,2.147,0.093,0,0.915,0.899,1.029,1.558,0.142,0,0.167,0.095,0.052,0.041,0.027,0.019,0.009,0.012,0.004,0.012,0.439,0,0.302,5.796,0.281,0.56,0.852,2.9,-80.683,1,4.254,5.211,0.03,2.183,1.65,0,0,0,0,0,0,3,5,4,0,3,3,0,0,0,0,0,1,0,0,0,0,0,0,0,0,0,0,0,0,0,0,0,0,1,1,0,0,0,0,0,0,0,0,0,0,0,0,0,0,0,0,0,2,4,0,0,0,2,0,1,0,0,0,0,0,0,0,0,0,2,1,0,0,0,0,0,0,0,0,1,0,0,0,11,8,0,0,0,6,0,0,0,1,0,0,0,0,0,0,0,0,1,0,0,0,0,0,1,0,0,0,0,0,0,0,0,0,0,0,3,0.262,33.54,-0.807,0.651,2.4,5.76,0,1,1,0,1,1,0,1,0,0,0,1,1,0,3.15,-5.45
Rosiglitazone ,0,8.29,0.65,1.01,2.38,0.444,3,7,0.156,2,0,12,18,3,3,0,0,1,2,0,0,0,0,0,0,1.948,0.303,5.911,16576,24.09,9413,1.274,1.088,2.063,4.535,25.282,4.894,0.574,0.325,0.168,1,0.553,82.32,189.109,0,0,0,0,0,0,10,66,5.202,1.394,39.533,0.196,0.129,0.583,0.324,0.106,0.033,3.292,-0.101,0.049,0.063,-0.085,-0.106,0.146,-0.017,-0.154,0.055,-0.148,0.066,-0.03,-0.32,0.365,0.059,-0.232,0.369,-0.094,-0.192,0.09,0.04,-0.171,-0.422,0.284,0.985,1.221,0.705,0.99,1.032,0.66,0.5,0.703,1.085,0.886,0.636,0.748,1.05,1.011,1.295,0.663,0.861,1.127,1.052,0.826,1.276,0.595,0.185,0.068,0.049,0.027,0.022,0.019,0.012,0.008,0.006,0.006,0.402,1.624,0.286,3.348,0.37,0.584,0.987,12.69,-71.107,1,10.491,4.827,0.277,12.671,34.953,13.636,0,11.746,0,0,0,0,2,1,0,4,2,0,0,0,0,0,0,0,0,0,0,0,0,0,0,0,0,0,0,0,0,1,0,0,0,0,0,0,0,0,1,0,0,0,0,0,0,0,0,1,0,0,0,1,0,0,1,2,0,1,0,0,0,0,0,0,0,0,0,1,1,1,0,1,0,0,0,0,0,1,1,0,0,0,15,0,1,0,2,0,0,0,2,0,1,0,0,0,0,0,1,0,0,0,1,0,0,0,0,0,0,0,0,1,0,0,0,0,2.938,3.907,-0.711,98.9,2.719,7.395,3.99,15.919,0,1,1,0,1,0,1,1,0,0,0,1,0,0,2.53,-3.27
Salbutamol ,0,6.16,0.56,1,2.5,0.353,1,5,0.128,0,0,6,22,1,3,0,0,0,1,0,0,0,0,0,0,1.606,0.286,3.575,3064,21.478,1225,2.393,2.229,1.93,4,21.514,4.44,0.592,0.302,0.134,0.8,1.855,0,61.878,0,0,0,0,0,0,0,10,4.808,1.249,12.386,0.203,0.127,0.634,0.349,0.113,0.035,2.494,-0.041,-0.119,-0.128,-0.034,-0.448,0.543,-0.061,-0.051,-0.137,-0.102,-0.056,-0.458,0.506,-0.051,-0.032,0.531,-0.062,-0.146,-0.09,-0.066,-0.462,0.481,0.708,-0.046,0.651,0.791,1.078,1.142,1.581,0.565,0.157,0.79,1.046,1.151,0.764,0.787,1.081,1.581,0.166,0.793,0.695,0.859,1.03,1.155,0.058,0.748,0.324,0.102,0.048,0.056,0.039,0.019,0.021,0.026,0,0,0.635,0.001,0.342,7.01,0.321,0.582,0.856,7.93,-80.683,1,5.859,3.51,0.175,0,11.261,0,0,8.991,0,0,0,4,1,0,0,3,3,0,0,0,0,0,0,0,0,0,0,0,0,0,0,0,0,0,0,0,0,0,0,1,1,0,1,1,1,0,0,0,0,0,0,0,0,0,0,0,0,0,4,0,0,0,0,2,0,1,0,1,0,0,0,0,0,0,0,2,1,0,0,0,0,0,0,0,0,0,0,0,0,0,8,0,0,0,9,0,0,2,0,0,0,0,0,0,0,0,0,0,0,0,0,0,0,1,0,0,0,0,0,0,0,0,0,0,0,2.807,3.001,77.3,-2.551,6.507,-0.314,0.099,0,0,0,0,0,0,0,1,0,0,0,1,0,0,-2.2,-2.93
Saquinavir ,0,6.72,0.6,1,2.33,0.321,7,13,0.125,4,0,17,51,6,5,0,0,0,5,0,0,0,2,0,0,1.867,0.189,6.497,143253,61.256,67971,1.277,1.061,2.626,6.836,69.734,10.178,0.587,0.319,0.174,0.9,1.055,0,840.45,0,0,551.721,0,0,0,0,234,6.284,1.338,66.342,0.181,0.118,0.589,0.333,0.11,0.039,4.64,-0.068,0.062,0.15,-0.24,0.088,-0.142,-0.06,-0.087,0.061,0.193,-0.232,0.058,0.105,-0.087,-0.24,-0.144,-0.057,0.058,0.211,-0.226,0.044,0.102,-0.107,-0.099,0.698,0.724,0.75,1.392,1.21,1.129,1.244,1.18,0.743,1.372,1.178,0.72,0.751,1.21,1.247,1.179,0.787,0.802,0.743,1.36,1.193,1.175,0.226,0.071,0.041,0.046,0.025,0.017,0.016,0.01,0.009,0.007,0.468,6.296,0.189,4.05,0.279,0.542,0.928,5.83,-71.94,1,8.255,8.65,0.134,61.319,98.325,0,0,38.232,0,0,0,3,11,6,2,9,3,1,0,0,0,1,2,1,0,0,0,0,0,0,0,0,0,0,0,0,0,0,0,1,1,0,0,0,1,0,0,0,0,0,0,0,0,0,0,1,0,0,6,7,2,0,0,2,0,4,0,1,0,0,0,0,0,0,0,2,0,0,2,0,0,0,0,0,0,4,0,0,0,9,19,0,0,2,14,0,0,1,4,0,0,0,0,0,0,0,0,4,0,0,1,0,0,1,0,0,0,0,0,0,0,0,0,0,0,4.459,3.49,167.95,-2.052,4.213,2.32,5.382,1,0,0,0,0,0,0,0,0,0,0,0,0,0,1.9,-6.16
S_Ketoprofen,0,7.92,0.67,1.01,2.67,0.6,2,4,0.121,2,0,12,13,0,3,0,0,0,2,0,0,0,0,0,0,1.81,0.261,3.343,5733,18.59,2784,1.885,2.22,2.815,5.228,25.875,2.888,0.578,0.34,0.164,1,1.144,0,128.564,0,0,0,0,0,0,0,32,5.483,1.459,29.853,0.197,0.123,0.551,0.299,0.089,0.026,2.846,0.009,0.202,-0.152,-0.208,-0.19,0.753,-0.288,0.009,0.202,-0.152,-0.208,-0.19,-0.208,-0.287,-0.208,0.753,-0.287,0.202,-0.152,-0.208,-0.19,-0.208,0.753,-0.288,0.534,0.528,1.018,1.188,1.134,1.188,0.509,1.425,1.018,1.188,1.425,0.528,1.018,1.134,0.509,1.425,0.534,0.528,1.018,1.188,0.509,1.425,0.175,0.091,0.051,0.031,0.025,0.022,0.014,0.01,0.01,0.012,0.441,0,0.312,4.543,0.336,0.575,0.888,2.85,-77.269,1,3.191,2.656,0.159,0,0,0,0,9.384,0,0,0,1,0,0,0,9,3,1,0,0,0,0,0,0,0,0,0,1,0,0,0,0,0,0,0,0,0,0,0,0,0,0,0,0,0,0,0,0,0,0,0,0,0,0,0,0,0,0,0,0,1,0,0,0,0,0,0,0,0,0,0,0,0,0,0,3,0,0,0,0,0,0,0,0,0,1,0,0,0,3,9,0,0,1,0,0,0,0,2,0,0,1,0,0,0,0,0,0,0,0,0,0,0,0,0,0,0,0,0,0,0,0,0,0,1.469,3.907,-0.828,57.2,3.374,11.384,2.658,7.065,0,1,1,0,1,0,0,1,0,1,1,1,0,1,3.04,-4.29
SR49059_relcovaptan,0,9.13,0.66,1.03,2.62,0.4,6,7,0.097,4,0,18,27,3,7,2,0,2,3,0,0,1,0,0,0,1.809,0.158,3.022,78486,41.057,54117,1.601,1.528,5.505,7.489,88.496,4.814,0.599,0.377,0.213,0.857,0.903,185.463,346.713,0,169.425,0,0,111,7,20,439,6.704,1.388,61.152,0.161,0.098,0.595,0.329,0.098,0.029,5.075,0.025,-0.086,-0.132,-0.066,-0.081,0.123,-0.103,-0.162,0.121,0.016,-0.289,0.22,-0.02,0.21,-0.244,0.012,0.063,0.153,0.106,-0.306,0.168,0.095,-0.222,0.194,0.801,0.85,0.981,0.993,1.04,0.923,1.076,1.001,0.934,1.358,0.702,0.772,1.018,0.852,1.003,0.91,1.218,0.724,0.92,1.474,1.121,0.556,0.222,0.106,0.068,0.053,0.032,0.022,0.015,0.012,0.01,0.009,0.548,0.185,0.214,3.621,0.278,0.564,0.975,2.16,-80.683,1,6.425,7.391,0.087,7.845,54.274,5.449,24.542,69.078,0,0,0,0,4,4,1,10,8,0,0,0,0,1,0,0,1,0,0,0,0,0,0,0,0,0,0,0,0,0,0,0,0,0,0,0,0,1,2,0,2,0,1,0,0,0,0,0,0,0,2,2,0,0,2,1,0,2,0,1,0,0,0,0,0,0,0,2,6,0,0,0,0,0,0,0,0,2,0,0,0,0,20,0,0,0,4,0,0,1,4,0,2,0,0,0,0,0,1,2,0,0,0,0,0,0,0,0,0,2,0,0,0,0,1,0,-999,4.524,0.813,147.85,1.63,2.657,4.187,17.53,0,0,0,0,0,0,0,0,0,0,0,0,0,0,3.74,-4.91
Stavudine,0,8.01,0.61,1.03,2.82,0,2,2,0.069,4,0,0,12,2,4,0,0,1,1,0,0,0,0,0,0,1.778,0.264,2.443,3265,12.826,1896,1.936,1.37,2.191,4.505,26.789,2.13,0.587,0.353,0.176,0.8,1,41.692,50.608,0,0,0,0,0,0,10,19,4.663,1.201,10.706,0.189,0.116,0.545,0.287,0.078,0.021,2.335,-0.219,0.086,-0.305,0.227,-0.251,0.119,-1.17,-0.257,0.147,-0.357,0.238,-0.234,0.005,-1.153,0.226,0.115,-1.171,0.176,-0.38,0.241,-0.226,-0.002,0.168,-1.137,0.939,0.718,1.194,0.806,1.149,0.986,1.185,2.552,1.251,0.782,2.452,0.721,1.188,1.15,1.193,2.56,1.035,0.678,1.278,0.772,1.057,2.389,0.235,0.093,0.053,0.058,0.034,0.024,0.021,0.015,0,0,0.532,0,0.373,3.979,0.362,0.619,0.929,4.48,-63.612,0,5.429,2.695,0.222,0,12.243,0,0,18.06,0,0,0,2,1,1,0,0,0,3,0,0,0,0,0,0,0,0,0,0,1,0,0,0,0,0,0,0,0,0,0,0,0,1,0,1,0,0,0,0,0,0,0,0,0,0,0,0,0,0,1,0,0,0,0,1,0,1,1,0,0,0,2,1,1,0,0,0,0,0,0,0,0,0,0,0,0,1,1,0,0,3,5,2,0,0,0,0,0,1,2,1,0,0,0,0,0,0,0,2,0,0,0,0,0,0,0,0,0,0,0,0,0,0,0,0,-999,2.322,0.573,84.32,0.139,0.019,-0.515,0.265,0,0,0,0,0,0,0,0,0,0,0,1,0,0,-0.73,-0.74
Sufentanil ,1,6.68,0.6,0.99,2.01,0.379,3,8,0.133,1,0,11,31,2,2,0,0,1,2,0,0,0,0,0,0,1.94,0.233,3.727,13861,31.144,7851,1.624,1.351,1.49,5.919,17.397,4.912,0.56,0.34,0.197,0.857,1.085,92.871,200.681,0,0,0,0,0,0,10,80,5.169,1.263,24.558,0.181,0.116,0.642,0.378,0.131,0.047,3.412,-0.081,-0.08,-0.009,0.036,-0.027,-0.028,0.009,-0.133,0.039,-0.02,-0.156,0.166,-0.015,-0.154,-0.144,-0.12,-0.056,0.072,0.019,-0.154,0.144,0.039,-0.049,-0.282,0.972,1.055,0.403,0.347,0.643,0.762,0.577,1.301,1.017,1.314,0.961,0.709,1.03,1.102,0.932,0.826,0.929,0.844,0.745,0.996,0.754,1.289,0.172,0.08,0.051,0.036,0.017,0.017,0.015,0.009,0.008,0.005,0.409,0.153,0.238,5.186,0.296,0.539,0.895,5.55,-78.25,1,1.996,0.839,0.049,2.343,7.748,8.092,0,3.277,0,0,0,1,4,2,1,5,1,0,0,0,0,0,0,0,1,0,0,0,0,0,0,0,0,0,0,0,0,0,0,1,1,0,0,0,0,0,0,0,0,0,0,0,0,1,0,0,0,0,0,4,0,0,1,4,0,0,0,1,0,0,0,0,0,0,0,0,1,0,0,0,0,0,1,1,0,1,0,0,0,3,18,1,0,4,0,4,0,0,1,1,0,0,0,0,0,0,0,1,0,0,0,0,0,1,0,0,0,0,0,1,0,0,0,0,0,3.7,-0.382,62.22,-0.644,0.415,1.67,2.79,0,0,1,0,0,0,0,1,1,0,0,1,0,0,3.72,-5.59
Sulindac ,0,8.67,0.68,1.01,2.67,0.444,4,4,0.093,4,0,12,16,0,3,1,0,1,2,0,0,1,0,0,0,1.807,0.237,3.48,18269,21.512,11060,1.638,2.031,2.861,5.64,36.549,3.473,0.592,0.334,0.181,1,1.157,54.247,142.116,0,101.932,0,0,0,0,10,119,6.374,1.492,47.04,0.174,0.107,0.585,0.343,0.103,0.027,3.52,0.047,-0.016,-0.017,-0.001,-0.046,-0.051,-0.362,-0.017,0.119,0.01,-0.064,-0.184,-0.184,-0.215,-0.066,0.359,-0.311,0.096,0.011,-0.041,-0.104,-0.102,0.33,-0.031,1.16,0.679,0.662,0.441,0.512,0.583,1.042,2.351,0.545,0.755,1.345,0.594,0.579,1.166,0.853,1.395,0.887,0.547,0.533,0.61,0.815,1.507,0.222,0.08,0.061,0.045,0.038,0.015,0.015,0.016,0.011,0.01,0.514,0.034,0.304,3.81,0.331,0.581,0.89,3.82,-79.979,1,2.75,1.434,0.169,0,0,0,0,13.823,13.638,0,4.829,1,1,0,0,7,5,4,0,0,0,0,0,0,0,0,0,0,0,0,0,0,0,0,0,0,0,0,0,0,0,0,0,0,0,0,0,0,1,0,0,0,0,0,0,0,0,0,0,1,0,0,1,0,0,0,0,0,0,0,1,3,0,0,0,3,2,0,0,0,0,0,0,0,0,1,0,0,0,3,11,0,0,2,0,0,0,0,2,0,0,1,0,0,0,0,0,0,0,0,0,0,0,0,0,0,1,0,0,0,0,1,0,0,1.469,4.087,-0.79,76.41,4.277,18.294,2.936,8.621,0,1,1,0,1,0,1,1,1,0,0,1,1,1,3.38,-3.85
Sulindac SULFIDE,1,8.49,0.68,1.01,2.51,0.462,4,4,0.095,3,0,12,16,0,2,1,0,1,2,0,0,1,0,0,0,1.846,0.236,3.247,16425,19.409,9833,1.654,2.025,2.829,5.63,27.851,3.323,0.583,0.335,0.186,1,1.152,50.845,133.835,0,95.666,0,0,0,0,10,109,6.315,1.502,46.48,0.175,0.107,0.592,0.337,0.101,0.027,3.48,-0.053,-0.011,-0.014,0.003,-0.046,-0.04,-0.352,0.016,0.172,0.019,-0.051,-0.187,-0.184,-0.169,-0.052,0.5,-0.269,0.124,0.013,-0.028,-0.089,-0.086,0.426,-0.003,0.907,0.672,0.655,0.429,0.5,0.572,1.038,2.481,0.485,0.734,1.372,0.54,0.525,1.287,0.884,1.422,0.589,0.515,0.501,0.585,0.85,1.611,0.212,0.072,0.057,0.047,0.036,0.016,0.016,0.015,0.008,0.013,0.492,0.014,0.3,3.844,0.327,0.577,0.899,3.44,-80.683,1,1.124,0.627,0.208,0,0,0,0,0,9.077,0,4.829,1,1,0,0,7,5,4,0,0,0,0,0,0,0,0,0,0,0,0,0,0,0,0,0,0,0,0,0,0,0,0,0,0,0,0,0,1,1,0,0,0,0,0,0,0,0,0,0,1,0,0,1,0,0,0,0,0,0,0,1,3,0,0,0,3,2,0,0,0,0,0,0,0,0,1,0,0,0,3,11,0,0,2,0,0,0,0,1,0,0,1,0,0,0,0,0,0,0,0,0,0,0,0,0,0,1,0,0,1,0,0,0,0,1.469,4,-0.823,65.43,5.187,26.903,4.048,16.385,0,1,1,1,1,0,1,1,0,0,0,1,0,0,4.97,-4.88
Theophylline ,1,8.58,0.63,1.04,2.78,0,3,0,0,4,0,0,8,4,2,0,0,1,1,0,0,1,0,0,0,1.733,0.236,0.979,2437,6.462,1268,2.185,1.674,2.037,4.441,19.764,0.971,0.608,0.396,0.198,0.25,0.808,22.521,26.992,0,41.667,0,0,0,0,10,3,4.727,1.195,8.542,0.182,0.11,0.563,0.271,0.07,0.018,0,-0.436,0.299,-0.461,0.334,-0.378,0,0,-0.546,0.355,-0.454,0.329,-0.32,0,0,0.333,0,0,0.375,-0.444,0.322,-0.294,0,0,0,1.092,0.484,1.426,0.794,1.694,0,0,0,1.397,0.745,0,0.486,1.428,1.712,0,0,1.338,0.485,1.377,0.728,0,0,0.179,0.116,0.059,0.074,0.032,0,0,0,0,0,0.461,0,0.432,3.789,0.357,0.629,0.716,1.39,-47.459,0,1.519,1.924,0.061,6.806,13.245,0,0,2.858,0,0,0,0,0,0,0,0,0,4,0,0,0,0,0,0,0,0,0,0,1,1,0,0,0,0,1,0,0,0,0,0,0,1,0,0,0,0,0,0,0,0,0,0,0,0,0,0,0,0,1,0,0,0,2,0,0,0,0,0,0,0,0,0,0,1,1,0,0,0,0,0,0,0,0,0,0,2,1,0,0,0,6,0,1,0,0,0,0,0,2,0,0,0,0,0,0,0,0,2,0,1,0,0,0,1,0,0,0,0,0,0,0,0,0,0,-999,2.322,0.022,71.03,0.403,0.162,-2.066,4.269,0,0,0,0,0,0,0,0,0,0,0,0,0,0,-0.26,-0.9
Thiopental ,1,7.13,0.58,1,2.55,0,1,4,0.118,3,0,0,18,2,2,0,0,0,1,0,0,0,0,0,0,1.587,0.237,1.968,2172,19.04,936,2.903,2.623,2.21,5.025,22.657,2.245,0.58,0.385,0.213,1,1.656,0,55.344,0,0,0,0,0,0,0,2,4.025,1.08,3.534,0.175,0.13,0.671,0.379,0.112,0.035,1.541,-0.021,0.088,-0.076,0.081,-0.17,-0.68,-1.53,-0.108,0.189,-0.277,-0.073,-0.042,-0.15,0.514,0.062,0.143,-0.056,-0.056,-0.108,-0.205,0.032,0.085,0.394,0.714,0.558,0.604,0.654,0.769,1.289,2.749,3.991,7.982,1.21,1.429,0.11,0.541,1.307,0.791,0.108,0.216,0.613,0.818,0.871,1.37,1.303,2.607,0.313,0.135,0.088,0.04,0.042,0.011,0.03,0,0,0,0.659,0,0.319,7.882,0.316,0.56,0.886,2.03,0,0,8.789,5.211,0.154,0,4.95,0,0,2.858,0,0,0,3,3,0,0,0,0,0,0,0,0,0,0,0,0,0,0,0,1,0,0,0,0,0,0,0,0,0,0,0,0,2,0,0,0,0,0,0,0,0,0,0,0,0,0,0,0,0,0,3,1,1,0,0,0,0,0,0,0,0,0,0,0,0,0,0,0,0,0,0,0,0,0,0,0,2,1,0,0,16,0,0,0,0,0,0,0,0,2,0,0,0,0,0,0,0,0,2,0,0,0,0,0,0,0,0,0,0,0,0,1,0,0,0,-999,2,0.512,90.29,1.138,1.296,2.808,7.885,0,0,1,0,1,0,0,1,0,1,1,1,0,0,3.05,-3.78
Ticarcillin  ,0,9.81,0.66,1.04,3,0.185,4,5,0.122,4,0,5,14,2,6,0,0,2,0,1,0,0,0,0,0,1.714,0.229,3.936,12639,29.603,8219,1.673,1.422,3.23,5.361,56.019,2.935,0.609,0.365,0.21,0.833,1.003,140.651,0,0,0,0,0,0,0,20,108,5.211,1.162,14.283,0.158,0.106,0.593,0.34,0.114,0.04,3.831,-0.142,-0.153,-0.052,-0.037,0.07,-0.12,0.458,-0.05,0.21,-0.024,-0.28,-0.214,-0.03,0.034,-0.268,0.094,0.076,0.156,0.007,-0.223,-0.371,0.061,-0.001,0.104,1.06,1.19,0.72,0.853,0.978,0.897,1.336,0.762,0.832,1.375,0.957,0.573,0.89,1.159,0.921,0.909,0.71,0.719,0.716,1.221,1.142,0.98,0.241,0.094,0.103,0.048,0.03,0.028,0.016,0.018,0.012,0.006,0.597,0.024,0.335,3.523,0.343,0.601,0.939,5.87,-75.33,1,5.181,6.386,0.129,1.992,27.831,10.342,0,50.938,0,5.495,0,2,2,2,1,0,0,0,0,0,0,0,1,0,1,0,0,0,0,0,0,0,0,0,0,0,0,0,0,0,0,0,0,0,0,0,0,1,0,1,0,0,0,1,0,0,0,0,1,0,1,0,0,0,0,2,1,1,0,0,0,0,0,0,0,1,0,0,0,0,0,0,2,0,0,4,0,0,0,0,3,3,0,1,6,0,0,0,4,0,0,2,0,0,0,0,0,2,0,0,0,0,0,0,0,0,0,0,0,2,0,0,0,0,2.938,3.322,-0.159,183.21,0.876,0.767,-0.801,0.641,0,0,0,0,0,0,0,0,0,0,0,1,0,0,1.27,-3.4
Triamterene,1,8.44,0.67,1.02,2.4,0.81,4,1,0.031,0,0,17,11,7,0,0,0,0,3,0,0,0,1,0,0,1.932,0.24,2.318,9224,8.934,5774,1.677,1.796,1.619,1.903,19.198,2.023,0.587,0.344,0.195,1,0.644,0,136.29,0,0,72.401,0,0,0,0,73,6.427,1.629,48.155,0.176,0.114,0.521,0.265,0.066,0.017,2.578,-0.246,0.282,0.051,0.131,-0.301,-0.424,-0.548,-0.246,0.282,0.051,0.131,-0.301,-0.02,-0.548,0.131,-0.424,-0.548,0.282,0.051,0.131,-0.301,-0.02,-0.424,-0.548,1.066,0.679,0.919,0.905,1.203,1.018,1.295,1.454,0.919,0.905,1.454,0.679,0.919,1.203,1.295,1.454,1.066,0.679,0.919,0.905,1.295,1.454,0.19,0.074,0.05,0.05,0.034,0.019,0.012,0.015,0.01,0.012,0.468,0.001,0.34,3.098,0.358,0.616,1,4.57,-55.148,1,3.509,0.666,0.201,41.38,0,0,0,0,0,0,0,0,0,0,0,5,1,0,0,0,0,0,0,0,0,0,0,0,0,0,0,0,0,3,0,0,0,0,0,0,0,0,0,0,0,0,0,0,0,0,0,0,0,0,0,0,0,1,1,0,0,0,0,0,0,0,0,0,0,0,0,0,0,0,0,1,0,0,2,2,1,1,0,0,0,0,0,0,0,0,5,0,0,0,0,0,0,0,0,0,0,0,0,0,0,0,0,0,0,0,4,0,0,0,0,0,0,0,0,0,0,0,0,0,-999,4.17,3.956,129.62,2.703,7.309,1.017,1.035,0,0,0,0,0,0,0,1,0,1,0,1,0,1,1.21,-2.42
Trovafloxacin,0,9.25,0.67,1.05,2.96,0.353,7,3,0.061,3,0,12,15,4,3,3,1,1,4,0,0,0,1,0,0,1.875,0.199,2.774,33241,21.063,37368,1.377,1.193,3.469,6.835,70.653,2.965,0.613,0.364,0.192,0.857,0.817,68.052,313.577,0,0,124.173,0,0,0,70,324,6.514,1.353,44.918,0.164,0.102,0.523,0.277,0.081,0.021,4.164,-0.035,-0.054,-0.124,0.075,-0.014,0.164,-0.088,-0.083,-0.046,-0.184,0.145,-0.022,-0.208,-0.084,0.107,0.182,-0.106,-0.053,-0.186,0.142,-0.018,-0.202,0.17,-0.073,0.636,0.753,0.911,0.862,0.894,1.184,1.07,1.305,1.018,0.815,1.192,0.757,0.948,0.905,1.052,1.274,0.775,0.82,1.033,0.819,1.007,1.175,0.206,0.11,0.049,0.051,0.036,0.026,0.016,0.015,0.013,0.011,0.532,0.055,0.31,2.787,0.339,0.595,0.895,2.01,-68.609,1,7.405,7.153,0.249,15.25,54.32,0,0,3.904,41.186,0,0,0,1,1,2,3,3,4,0,0,0,0,0,0,0,0,0,1,0,0,0,0,0,0,0,0,0,2,0,1,1,0,0,0,0,0,0,0,3,0,1,0,0,0,0,1,0,0,0,0,2,0,0,2,0,1,0,0,0,0,0,1,1,0,0,1,4,0,0,2,0,0,0,0,0,1,0,0,0,0,9,1,0,0,0,2,0,0,2,0,0,1,0,0,0,0,1,0,1,0,1,0,0,1,0,0,3,0,0,0,0,0,0,0,7.346,4,0.966,105.9,-0.471,0.222,0.505,0.255,0,0,0,0,0,0,0,1,0,0,0,1,0,0,0.01,-4.16
Urea,0,7.51,0.51,1.05,4.17,0,0,0,0,1,0,0,4,2,1,0,0,0,0,0,0,0,0,0,0,1.2,0.456,1,12,4,9,2.324,1.624,2.5,2,5,0,0.5,0,0,1,0.811,0,0,0,0,0,0,0,0,0,0,0,1.093,0.629,0,0,0.516,0.26,0,0,0,-0.668,0.002,0,0,0,0,0,-0.818,0.151,0,0,0,0,0,0,0,0,0.212,0,0,0,0,0,0,1.502,0.498,0,0,0,0,0,0,0,0,0,0.522,0,0,0,0,1.817,0.183,0,0,0,0,0.5,0,0,0,0,0,0,0,0,0,0.5,0,0.371,5,0.423,0.615,1,1.23,0,0,4.841,2.82,0.183,0,0,0,0,0,0,0,0,0,0,0,0,0,0,0,0,0,0,0,0,0,0,0,0,0,1,0,0,0,0,0,0,0,0,0,0,0,0,0,0,0,0,0,0,0,0,0,0,0,0,0,0,0,0,0,0,0,0,0,0,0,0,0,0,0,0,0,0,0,0,0,0,0,0,0,0,0,0,0,0,0,0,0,1,0,0,0,0,0,0,0,0,0,0,0,1,0,0,0,0,0,0,0,0,2,0,0,0,0,0,0,0,0,0,0,0,0,0,0,0,0,-999,1,5,69.11,-1.864,3.473,-1.042,1.086,0,0,0,0,0,0,0,0,0,0,0,0,0,0,-1.78,0.84
Valproic_acid ,1,5.73,0.54,0.99,2.7,0,0,5,0.208,1,0,0,15,0,2,0,0,0,0,0,0,0,0,0,0,1.5,0.34,2.02,300,15.348,131,3.5,3.258,2.552,3.368,13.473,4.035,0.517,0.293,0.151,1,1.846,0,0,0,0,0,0,0,0,0,0,0.693,1.039,0.863,0.226,0.173,0.669,0.435,0.16,0.086,0,-0.028,0.375,-0.25,-0.306,-0.583,0,0,-0.028,0.375,-0.25,-0.306,-0.583,0.25,0,-0.306,0,0,0.375,-0.25,-0.306,-0.583,0.25,0,0,0.625,0.563,1.125,1.25,1.875,0,0,0,1.125,1.25,0,0.563,1.125,1.875,0,0,0.625,0.563,1.125,1.25,0,0,0.222,0.111,0.063,0.044,0.009,0,0,0,0,0,0.45,0,0.374,11.295,0.348,0.58,0.921,2.78,0,0,3.775,1.359,0.12,0,0,0,0,0,0,0,0,2,4,0,0,0,0,0,0,0,0,0,0,0,0,0,0,0,0,0,0,0,0,0,0,0,0,0,0,0,0,0,0,0,0,0,0,0,0,0,0,0,0,0,0,0,0,0,0,4,1,0,0,0,0,0,0,0,0,0,0,0,0,0,0,0,0,0,0,0,0,0,0,0,0,1,0,0,0,14,0,0,0,1,0,0,0,0,1,0,0,1,0,0,0,0,0,0,0,0,0,0,0,0,0,0,0,0,0,0,0,0,0,0,1.469,1,-0.768,40.13,2.06,4.244,2.047,4.188,0,0,0,0,0,0,0,0,0,0,0,0,0,0,2.9,-1.82
Vinblastine,0,6.83,0.6,1,2.22,0.179,28,10,0.079,6,0,12,60,4,9,0,0,3,5,0,0,6,1,2,2,1.888,0.13,3.557,512326,38.245,2235593,1.222,1.181,3.535,8.333,93.751,5.433,0.603,0.391,0.236,1,1.121,223.214,507.918,0,878.287,173.406,0,0,0,30,1644,7.225,1.353,115.61,0.149,0.087,0.604,0.326,0.098,0.031,5.239,-0.124,0.086,0.03,0.052,-0.136,-0.006,0.037,-0.141,0.065,0.017,0.069,-0.14,-0.055,0.031,0.05,-0.007,0.037,0.054,0.01,0.077,-0.141,-0.051,0.011,0.028,0.858,0.668,0.802,0.822,1.198,1.068,1.005,0.893,0.834,0.815,0.905,0.664,0.799,1.198,1.007,0.892,0.921,0.725,0.851,0.813,0.983,0.911,0.254,0.097,0.068,0.047,0.032,0.022,0.018,0.013,0.011,0.008,0.57,2.562,0.168,3.292,0.228,0.548,0.912,2.84,-73.022,1,3.262,3.341,0.167,23.436,148.979,0,0,147.142,0,0,0,3,9,7,3,6,6,2,0,3,0,0,0,0,0,0,0,0,0,0,0,0,0,0,0,0,0,1,0,3,2,0,0,0,0,2,1,0,0,0,1,0,0,0,0,0,0,0,2,6,1,3,4,5,0,3,0,2,0,0,2,1,0,0,0,3,3,0,0,0,0,0,0,0,0,3,0,0,0,10,33,0,0,3,9,0,0,2,3,0,4,0,0,0,0,0,1,0,0,0,0,0,0,3,0,0,0,0,0,0,0,0,0,0,0,4.248,1.856,154.85,-4.744,22.509,-0.564,0.318,1,0,0,0,0,0,0,0,0,0,0,0,0,0,2.38,-7.16
Zalcitabine ,0,7.54,0.59,1.03,2.67,0,2,2,0.069,3,0,0,13,3,3,0,0,1,1,0,0,0,0,0,0,1.837,0.276,2.438,2797,11.233,1633,1.881,1.288,2.085,4.451,22.566,2.132,0.578,0.34,0.179,0.8,0.985,38.692,46.741,0,0,0,0,0,0,10,15,4.489,1.209,10.634,0.188,0.122,0.544,0.301,0.088,0.025,2.197,-0.258,0.066,-0.204,0.067,-0.114,0.406,-0.845,-0.3,0.124,-0.264,0.1,-0.106,-0.215,-0.918,0.063,0.412,-0.836,0.151,-0.29,0.115,-0.103,-0.205,0.3,-0.946,1.003,0.762,1.131,1.029,0.972,1.215,0.851,1.824,1.181,0.965,1.881,0.765,1.125,0.972,0.85,1.817,1.104,0.726,1.202,0.933,0.88,1.902,0.219,0.081,0.058,0.044,0.04,0.019,0.019,0.023,0,0,0.501,0,0.364,4.054,0.353,0.616,0.922,4.49,-47.459,0,6.216,3.935,0.199,2.475,21.899,0,0,5.929,0,0,0,1,3,3,0,0,0,4,0,0,0,0,0,0,0,0,0,0,0,1,0,0,0,0,0,0,0,0,0,0,0,0,0,1,0,0,0,0,0,0,0,1,0,0,0,0,0,0,1,2,0,0,0,1,0,1,1,0,0,0,1,0,1,0,0,0,0,0,0,0,0,0,0,0,0,1,1,0,0,0,4,2,0,0,2,2,0,1,1,1,0,0,1,0,0,0,0,1,0,1,0,0,0,0,0,0,0,0,0,0,0,0,0,0,-999,2,1.443,90.37,0.332,0.11,-1.022,1.045,0,0,0,0,0,0,0,0,0,0,0,1,0,0,-1.29,-1.48
ZIDOVUDINE,0,8.35,0.61,1.04,2.95,0,2,3,0.091,5,0,0,13,5,4,0,0,1,1,0,0,0,0,0,0,1.754,0.251,2.692,5224,18.147,2971,1.981,1.431,2.265,4.7,34.101,2.659,0.576,0.352,0.19,1,1.296,52.402,63.208,0,0,0,0,0,0,10,37,4.796,1.199,12.388,0.183,0.114,0.537,0.286,0.083,0.023,2.948,-0.182,0.069,-0.311,0.192,-0.181,-0.021,-0.421,-0.181,0.116,-0.368,0.191,-0.156,0.07,-0.392,0.191,-0.018,-0.424,0.137,-0.392,0.188,-0.144,0.078,-0.067,-0.376,0.967,0.796,1.257,0.858,1.115,0.909,1.009,1.404,1.308,0.834,1.357,0.799,1.251,1.117,1.008,1.409,1.022,0.766,1.328,0.825,1.035,1.336,0.225,0.095,0.057,0.055,0.035,0.02,0.02,0.014,0.009,0,0.532,0.002,0.349,4.378,0.336,0.611,0.95,6.72,-63.612,0,1.929,1.294,0.137,25.56,55.254,0,0,20.062,0,0,0,2,3,3,0,0,0,3,0,0,0,0,0,0,0,0,0,0,1,0,0,0,0,0,0,0,0,0,0,1,0,1,0,1,0,0,0,0,0,0,0,1,0,0,0,0,0,0,1,1,0,0,0,1,0,2,1,0,0,0,0,1,1,0,0,0,0,0,0,0,0,0,0,0,0,1,1,0,0,3,4,2,0,0,0,0,2,1,2,1,0,0,0,0,0,0,0,2,0,0,0,0,1,1,0,0,0,0,0,0,0,0,0,0,4.408,2.585,0.6,133.08,-0.57,0.324,-1.801,3.242,0,0,0,0,0,0,0,0,0,0,0,0,0,0,-0.1,-1.21
DIHYDROXYVITAMIN D3,0,5.63,0.56,0.98,2.07,0,4,6,0.079,3,0,0,44,0,3,0,0,1,2,0,0,1,0,0,0,1.748,0.243,5.168,35237,31.833,19531,1.559,1.652,1.948,4.127,29.285,5.49,0.605,0.336,0.17,0.875,1.49,68.486,184.198,0,128.214,0,0,0,0,10,140,5.252,1.202,25.214,0.177,0.114,0.655,0.381,0.141,0.051,3.761,0.007,-0.051,-0.025,0.187,-0.016,-0.056,-0.153,0.007,-0.051,-0.025,0.187,-0.016,-0.006,-0.153,0.187,-0.056,-0.153,-0.051,-0.025,0.187,-0.016,-0.006,-0.056,-0.153,0.503,0.783,0.658,0.61,0.614,0.565,0.806,1.279,0.658,0.61,1.279,0.783,0.658,0.614,0.806,1.279,0.503,0.783,0.658,0.61,0.806,1.279,0.281,0.106,0.065,0.043,0.027,0.018,0.018,0.013,0.011,0.01,0.594,2.788,0.268,5.155,0.282,0.561,0.864,11.15,-80.683,0,5.5,4.074,0.11,0,0,0,0,22.663,0,0,0,4,12,9,2,0,0,6,1,0,0,0,0,0,0,0,0,0,0,0,0,0,0,0,0,0,0,0,0,0,0,0,0,0,2,1,0,0,0,0,0,0,0,0,0,0,0,0,0,10,3,1,0,0,0,2,0,1,0,1,2,3,0,0,0,0,0,0,0,0,0,0,0,0,0,0,0,0,0,23,6,0,0,0,10,2,0,3,0,0,0,0,0,0,0,0,0,0,0,0,0,0,0,0,0,0,0,0,0,0,0,0,0,0,-999,2,0.735,60.69,4.472,19.996,5.179,26.823,0,0,0,0,0,0,0,0,0,0,0,0,0,0,5.51,-4.8
HYDROXYVITAMIN D3,0,5.49,0.56,0.97,1.94,0,4,6,0.08,3,0,0,44,0,2,0,0,1,2,0,0,1,0,0,0,1.785,0.244,4.927,31921,29.254,17901,1.563,1.677,1.928,4.127,22.956,5.076,0.593,0.344,0.177,0.875,1.5,65.204,176.282,0,122.154,0,0,0,0,10,134,5.242,1.209,25.349,0.178,0.114,0.665,0.393,0.143,0.052,3.697,0.005,-0.021,-0.038,0.286,-0.021,-0.039,-0.096,0.005,-0.021,-0.038,0.286,-0.021,0.014,-0.096,0.286,-0.039,-0.096,-0.021,-0.038,0.286,-0.021,0.014,-0.039,-0.096,0.485,0.668,0.783,0.699,0.663,0.418,0.791,1.187,0.783,0.699,1.187,0.668,0.783,0.663,0.791,1.187,0.485,0.668,0.783,0.699,0.791,1.187,0.242,0.109,0.064,0.042,0.025,0.018,0.016,0.013,0.01,0.009,0.548,3.273,0.28,4.948,0.295,0.576,0.933,10.8,-80.683,0,7.423,3.452,0.202,0,0,0,0,2.858,0,0,0,4,12,9,2,0,0,6,1,0,0,0,0,0,0,0,0,0,0,0,0,0,0,0,0,0,0,0,0,0,0,0,0,0,2,0,0,0,0,0,0,0,0,0,0,0,0,0,0,10,4,1,0,0,0,2,0,0,0,1,2,3,0,0,0,0,0,0,0,0,0,0,0,0,0,0,0,0,0,32,6,0,0,0,2,2,0,2,0,0,0,0,0,0,0,0,0,0,0,0,0,0,0,0,0,0,0,0,0,0,0,0,0,0,-999,2,0.057,40.46,5.308,28.17,6.53,42.645,0,0,0,0,0,0,0,0,0,0,0,0,0,0,6.68,-5.39
